-- TABELAS DE DOMÍNIO
INSERT INTO `categoria` (`id`, `nome`) VALUES
(1, 'Bovinos'),
(2, 'Aves'),
(3, 'Suínos'),
(4, 'Peixes'),
(5, 'Bebidas'),
(6, 'Churrasco');


INSERT INTO `formapagamento` (`id`, `nome`) VALUES
(1, 'PIX'),
(2, 'Débito'),
(3, 'Crédito');


INSERT INTO `tipoquantidade` (`id`, `tipo`) VALUES
(1, 'Inteiro'),
(2, 'Decimal');



-- DADOS FICTÍCIOS
INSERT INTO `cliente` (`id`, `cpf`, `nome`, `endereco`, `complemento`, `cep`, `email`, `senha`, `telefone`) VALUES
(1, '11111111111', 'Fulano da Silva 1', 'Rua Imaginaria 1, 123', 'Apto 101', '11111111', 'fulano1.silva@email.com', 'senha123', '11111111111'),
(2, '22222222222', 'Ciclana Souza 2', 'Avenida Inexistente 2, 456', 'Casa 2', '22222222', 'ciclana2.souza@email.com', 'senha456', '11111111111'),
(3, '33333333333', 'Beltrano Oliveira 3', 'Travessa Fantasma 3, 789', '', '33333333', 'beltrano3.oliveira@email.com', 'senha789', '11111111111'),
(4, '44444444444', 'Josefina Costa 4', 'Alameda Virtual 4, 1011', 'Sala 3', '44444444', 'josefina4.costa@email.com', 'senhaabc', '11111111111'),
(5, '55555555555', 'Antonio Pereira 5', 'Praça Irreal 5, 1213', '', '55555555', 'antonio5.pereira@email.com', 'senha_def','11111111111'),
(6, '66666666666', 'Mariana Almeida 6', 'Estrada Ficticia 6, 1415', 'Bloco C', '66666666', 'mariana6.almeida@email.com', 'senha_ghi', '11111111111'),
(7, '77777777777', 'Lucas Santos 7', 'Rua dos Sonhos 7, 1617', 'Fundos', '77777777', 'lucas7.santos@email.com', 'senha_jkl', '11111111111'),
(8, '88888888888', 'Fernanda Lima 8', 'Avenida da Imaginação 8, 1819', '', '88888888', 'fernanda8.lima@email.com', 'senha_mno', '11111111111'),
(9, '99999999999', 'Rafael Rocha 9', 'Viela Escondida 9, 2021', 'Casa da Frente', '99999999', 'rafael9.rocha@email.com', 'senha_pqr', '11111111111'),
(10, '00000000000', 'Carolina Martins 10', 'Largo Desconhecido 10, 2223', 'Apto 505', '00000000', 'carolina10.martins@email.com', 'senha_stu', '11111111111');


INSERT INTO `produto` (`nome`, `categoriaId`, `estoque`, `estoqueTipoQuantidadeId`, `valor`, `descricao`, `nomeImagem`) VALUES
('Picanha Uruguaia', FLOOR(RAND() * 6) + 1, ROUND(RAND() * 50 + 10, 2), 2, ROUND(RAND() * 150 + 50, 2), 'Deliciosa picanha de origem Uruguaia, macia e suculenta.', 'picanha_uruguaia.jpg'),
('Carvão Vegetal 5kg', FLOOR(RAND() * 6) + 1, FLOOR(RAND() * 100 + 20), 1, ROUND(RAND() * 40 + 15, 2), 'Saco de carvão de reflorestamento de alta qualidade para seu churrasco.', 'carvao_5kg.jpg'),
('Cerveja Artesanal IPA', FLOOR(RAND() * 6) + 1, FLOOR(RAND() * 200 + 50), 1, ROUND(RAND() * 20 + 8, 2), 'Cerveja IPA lupulada e refrescante, perfeita para acompanhar carnes grelhadas.', 'cerveja_ipa.jpg'),
('Linguiça Toscana Tradicional', FLOOR(RAND() * 6) + 1, ROUND(RAND() * 30 + 10, 2), 2, ROUND(RAND() * 35 + 15, 2), 'Linguiça toscana suína frescal com tempero tradicional.', 'linguica_toscana.jpg'),
('Kit Utensílios para Churrasco', FLOOR(RAND() * 6) + 1, FLOOR(RAND() * 30 + 10), 1, ROUND(RAND() * 100 + 50, 2), 'Conjunto completo com garfo trinchante, faca e pegador para churrasco.', 'kit_utensilios.jpg'),
('Entrecôte Angus', FLOOR(RAND() * 6) + 1, ROUND(RAND() * 40 + 10, 2), 2, ROUND(RAND() * 180 + 60, 2), 'Corte nobre de Entrecôte da raça Angus, marmorizado e saboroso.', 'entrecote_angus.jpg'),
('Refrigerante Cola 2L', FLOOR(RAND() * 6) + 1, FLOOR(RAND() * 150 + 30), 1, ROUND(RAND() * 10 + 4, 2), 'Refrigerante sabor cola em garrafa pet de 2 litros.', 'refri_cola_2l.jpg'),
('Pão de Alho Tradicional', FLOOR(RAND() * 6) + 1, FLOOR(RAND() * 80 + 20), 1, ROUND(RAND() * 15 + 5, 2), 'Delicioso pão de alho pronto para assar na brasa.', 'pao_de_alho.jpg'),
('Assado de Tira', FLOOR(RAND() * 6) + 1, ROUND(RAND() * 35 + 10, 2), 2, ROUND(RAND() * 160 + 50, 2), 'Corte clássico para churrasco, muito saboroso e suculento.', 'assado_de_tira.jpg'),
('Água Mineral sem Gás 1.5L', FLOOR(RAND() * 6) + 1, FLOOR(RAND() * 250 + 50), 1, ROUND(RAND() * 5 + 2, 2), 'Garrafa de água mineral natural sem gás.', 'agua_sem_gas.jpg'),
('Maminha Maturada', FLOOR(RAND() * 6) + 1, ROUND(RAND() * 45 + 15, 2), 2, ROUND(RAND() * 140 + 40, 2), 'Maminha selecionada e maturada para garantir maciez extra.', 'maminha_maturada.jpg'),
('Sal Grosso para Churrasco', FLOOR(RAND() * 6) + 1, FLOOR(RAND() * 70 + 20), 1, ROUND(RAND() * 12 + 5, 2), 'Sal grosso iodado ideal para temperar carnes na brasa.', 'sal_grosso.jpg'),
('Cerveja Lager Nacional', FLOOR(RAND() * 6) + 1, FLOOR(RAND() * 300 + 100), 1, ROUND(RAND() * 10 + 4, 2), 'Cerveja Lager leve e refrescante.', 'cerveja_lager.jpg'),
('Fraldinha Red Series', FLOOR(RAND() * 6) + 1, ROUND(RAND() * 30 + 10, 2), 2, ROUND(RAND() * 130 + 40, 2), 'Corte especial de fraldinha com fibras macias e sabor acentuado.', 'fraldinha_red.jpg'),
('Espeto Duplo Cromado', FLOOR(RAND() * 6) + 1, FLOOR(RAND() * 50 + 15), 1, ROUND(RAND() * 30 + 10, 2), 'Espeto duplo resistente com acabamento cromado.', 'espeto_duplo.jpg'),
('Queijo Coalho Tradicional', FLOOR(RAND() * 6) + 1, FLOOR(RAND() * 60 + 20), 1, ROUND(RAND() * 25 + 10, 2), 'Queijo coalho frescal, perfeito para assar no churrasco.', 'queijo_coalho.jpg'),
('Costela Janela Bovina', FLOOR(RAND() * 6) + 1, ROUND(RAND() * 60 + 20, 2), 2, ROUND(RAND() * 90 + 30, 2), 'Corte suculento da costela bovina, ideal para longos períodos de cozimento na brasa.', 'costela_janela.jpg'),
('Guaraná Antartica 2L', FLOOR(RAND() * 6) + 1, FLOOR(RAND() * 120 + 30), 1, ROUND(RAND() * 10 + 4, 2), 'Refrigerante sabor guaraná em garrafa pet de 2 litros.', 'guarana_2l.jpg'),
('Farofa Tradicional Pronta', FLOOR(RAND() * 6) + 1, FLOOR(RAND() * 90 + 20), 1, ROUND(RAND() * 18 + 7, 2), 'Farofa de mandioca temperada e pronta para acompanhar seu churrasco.', 'farofa_pronta.jpg'),
('Sobrecoxa de Frango Temperada', FLOOR(RAND() * 6) + 1, ROUND(RAND() * 25 + 10, 2), 2, ROUND(RAND() * 20 + 8, 2), 'Sobrecoxa de frango dessossada e temperada, pronta para grelhar.', 'sobrecoxa_temperada.jpg'),
('Contra Filé Grill', FLOOR(RAND() * 6) + 1, ROUND(RAND() * 55 + 10, 2), 2, ROUND(RAND() * 170 + 55, 2), 'Corte macio e ideal para grelhar, com boa capa de gordura.', 'contrafile_grill.jpg'),
('Asa de Frango Temperada', FLOOR(RAND() * 6) + 1, ROUND(RAND() * 40 + 15, 2), 2, ROUND(RAND() * 25 + 10, 2), 'Asas de frango marinadas em tempero especial, prontas para o churrasco.', 'asa_frango_temp.jpg'),
('Pack Cerveja Lager (12 latas)', FLOOR(RAND() * 6) + 1, FLOOR(RAND() * 80 + 20), 1, ROUND(RAND() * 50 + 20, 2), 'Pacote com 12 latas de cerveja Lager nacional.', 'pack_lager_12.jpg'),
('Faca para Churrasco 8"', FLOOR(RAND() * 6) + 1, FLOOR(RAND() * 40 + 15), 1, ROUND(RAND() * 80 + 30, 2), 'Faca de aço inoxidável com lâmina de 8 polegadas, cabo de madeira.', 'faca_churrasco8.jpg'),
('Queijo Mussarela Trançado', FLOOR(RAND() * 6) + 1, ROUND(RAND() * 20 + 5, 2), 2, ROUND(RAND() * 40 + 15, 2), 'Queijo mussarela fresco no formato trançado, delicioso grelhado.', 'mussarela_trancado.jpg'),
('Cupim Bovino', FLOOR(RAND() * 6) + 1, ROUND(RAND() * 60 + 20, 2), 2, ROUND(RAND() * 80 + 30, 2), 'Corte com bastante gordura entremeada, ideal para longos cozimentos.', 'cupim_bovino.jpg'),
('Água Tônica Lata', FLOOR(RAND() * 6) + 1, FLOOR(RAND() * 200 + 50), 1, ROUND(RAND() * 6 + 3, 2), 'Lata de água tônica, refrescante e versátil.', 'agua_tonica_lata.jpg'),
('Linguiça de Frango com Queijo', FLOOR(RAND() * 6) + 1, ROUND(RAND() * 25 + 10, 2), 2, ROUND(RAND() * 38 + 18, 2), 'Linguiça de frango recheada com queijo, sabor suave e cremoso.', 'linguica_frango_queijo.jpg'),
('Avental para Churrasqueiro', FLOOR(RAND() * 6) + 1, FLOOR(RAND() * 50 + 15), 1, ROUND(RAND() * 60 + 25, 2), 'Avental resistente e prático para proteger durante o churrasco.', 'avental_churras.jpg'),
('Maminha Grill', FLOOR(RAND() * 6) + 1, ROUND(RAND() * 40 + 10, 2), 2, ROUND(RAND() * 130 + 45, 2), 'Corte macio da maminha, ótimo para grelhar rápido.', 'maminha_grill.jpg'),
('Suco de Laranja Integral 1L', FLOOR(RAND() * 6) + 1, FLOOR(RAND() * 100 + 30), 1, ROUND(RAND() * 12 + 5, 2), 'Suco de laranja 100% integral, sem adição de açúcar.', 'suco_laranja_1l.jpg'),
('Ponta do Peito Bovina', FLOOR(RAND() * 6) + 1, ROUND(RAND() * 70 + 20, 2), 2, ROUND(RAND() * 75 + 25, 2), 'Corte dianteiro, muito saboroso quando cozido lentamente.', 'ponta_peito.jpg'),
('Molho Barbecue Tradicional', FLOOR(RAND() * 6) + 1, FLOOR(RAND() * 80 + 20), 1, ROUND(RAND() * 18 + 7, 2), 'Molho barbecue clássico, agridoce e defumado.', 'molho_barbecue.jpg'),
('Pack Refrigerante Cola (6 unidades)', FLOOR(RAND() * 6) + 1, FLOOR(RAND() * 100 + 30), 1, ROUND(RAND() * 30 + 12, 2), 'Pacote com 6 unidades de refrigerante sabor cola em lata.', 'pack_cola_6.jpg'),
('Costela Minga Bovina', FLOOR(RAND() * 6) + 1, ROUND(RAND() * 80 + 25, 2), 2, ROUND(RAND() * 85 + 30, 2), 'Parte mais carnuda da costela, excelente para churrasco e assados.', 'costela_minga.jpg'),
('Pegador para Churrasco', FLOOR(RAND() * 6) + 1, FLOOR(RAND() * 60 + 20), 1, ROUND(RAND() * 40 + 15, 2), 'Pegador longo em aço inox para manusear carnes na grelha.', 'pegador_churras.jpg'),
('Picanha Suína', FLOOR(RAND() * 6) + 1, ROUND(RAND() * 30 + 10, 2), 2, ROUND(RAND() * 50 + 20, 2), 'Corte nobre suíno, macio e com capa de gordura saborosa.', 'picanha_suina.jpg'),
('Cerveja Artesanal Pale Ale', FLOOR(RAND() * 6) + 1, FLOOR(RAND() * 150 + 40), 1, ROUND(RAND() * 22 + 9, 2), 'Cerveja Pale Ale com amargor equilibrado e notas cítricas.', 'cerveja_paleale.jpg'),
('Carvão Ecológico Briquete', FLOOR(RAND() * 6) + 1, FLOOR(RAND() * 90 + 25), 1, ROUND(RAND() * 50 + 20, 2), 'Briquetes de carvão ecológico, longa duração e menos fumaça.', 'carvao_ecologico.jpg'),
('Coração de Frango Temperado', FLOOR(RAND() * 6) + 1, ROUND(RAND() * 20 + 5, 2), 2, ROUND(RAND() * 28 + 12, 2), 'Corações de frango temperados, popular petisco de churrasco.', 'coracao_frango.jpg'),
('Vinho Tinto Seco Nacional', FLOOR(RAND() * 6) + 1, FLOOR(RAND() * 70 + 20), 1, ROUND(RAND() * 70 + 30, 2), 'Vinho tinto seco de safra nacional, boa harmonização com carnes vermelhas.', 'vinho_tinto_nac.jpg'),
('Alcatra com Maminha', FLOOR(RAND() * 6) + 1, ROUND(RAND() * 50 + 15, 2), 2, ROUND(RAND() * 155 + 50, 2), 'Corte que combina a maciez da alcatra com a suculência da maminha.', 'alcatra_maminha.jpg'),
('Espeto Simples Cromado', FLOOR(RAND() * 6) + 1, FLOOR(RAND() * 70 + 20), 1, ROUND(RAND() * 25 + 10, 2), 'Espeto simples e resistente com acabamento cromado.', 'espeto_simples.jpg'),
('Farofa Picante Pronta', FLOOR(RAND() * 6) + 1, FLOOR(RAND() * 70 + 15), 1, ROUND(RAND() * 20 + 8, 2), 'Farofa de mandioca com um toque picante, pronta para servir.', 'farofa_picante.jpg'),
('Água Mineral com Gás 1.5L', FLOOR(RAND() * 6) + 1, FLOOR(RAND() * 200 + 40), 1, ROUND(RAND() * 6 + 3, 2), 'Garrafa de água mineral com gás natural.', 'agua_com_gas.jpg'),
('Linguiça Cordeiro com Hortelã', FLOOR(RAND() * 6) + 1, ROUND(RAND() * 15 + 5, 2), 2, ROUND(RAND() * 60 + 25, 2), 'Linguiça gourmet de cordeiro com um toque refrescante de hortelã.', 'linguica_cordeiro.jpg'),
('Caixa Térmica 32L', FLOOR(RAND() * 6) + 1, FLOOR(RAND() * 20 + 5), 1, ROUND(RAND() * 150 + 60, 2), 'Caixa térmica de 32 litros para manter bebidas e alimentos gelados.', 'caixa_termica32.jpg'),
('Filé de Frango Sassami', FLOOR(RAND() * 6) + 1, ROUND(RAND() * 30 + 10, 2), 2, ROUND(RAND() * 35 + 15, 2), 'Corte macio e magro do filé de frango, ideal para grelhar.', 'file_frango_sassami.jpg'),
('Cerveja Sem Álcool', FLOOR(RAND() * 6) + 1, FLOOR(RAND() * 100 + 30), 1, ROUND(RAND() * 10 + 4, 2), 'Cerveja saborosa na versão sem álcool.', 'cerveja_sem_alcool.jpg'),
('Termômetro para Carne', FLOOR(RAND() * 6) + 1, FLOOR(RAND() * 40 + 10), 1, ROUND(RAND() * 70 + 25, 2), 'Termômetro digital para verificar o ponto ideal da carne no churrasco.', 'termometro_carne.jpg');


INSERT INTO `clientecarrinho` (`clienteId`, `produtoId`, `quantidade`, `tipoQuantidadeId`) VALUES
(FLOOR(RAND() * 10) + 1, FLOOR(RAND() * 50) + 1, FLOOR(RAND() * 10) + 1, 1), -- Quantidade inteira
(FLOOR(RAND() * 10) + 1, FLOOR(RAND() * 50) + 1, ROUND(RAND() * 5 + 0.1, 2), 2), -- Quantidade float
(FLOOR(RAND() * 10) + 1, FLOOR(RAND() * 50) + 1, FLOOR(RAND() * 8) + 1, 1),
(FLOOR(RAND() * 10) + 1, FLOOR(RAND() * 50) + 1, ROUND(RAND() * 3 + 0.1, 2), 2),
(FLOOR(RAND() * 10) + 1, FLOOR(RAND() * 50) + 1, FLOOR(RAND() * 15) + 1, 1),
(FLOOR(RAND() * 10) + 1, FLOOR(RAND() * 50) + 1, ROUND(RAND() * 6 + 0.1, 2), 2),
(FLOOR(RAND() * 10) + 1, FLOOR(RAND() * 50) + 1, FLOOR(RAND() * 5) + 1, 1),
(FLOOR(RAND() * 10) + 1, FLOOR(RAND() * 50) + 1, ROUND(RAND() * 2 + 0.1, 2), 2),
(FLOOR(RAND() * 10) + 1, FLOOR(RAND() * 50) + 1, FLOOR(RAND() * 12) + 1, 1),
(FLOOR(RAND() * 10) + 1, FLOOR(RAND() * 50) + 1, ROUND(RAND() * 4 + 0.1, 2), 2),
(FLOOR(RAND() * 10) + 1, FLOOR(RAND() * 50) + 1, FLOOR(RAND() * 7) + 1, 1),
(FLOOR(RAND() * 10) + 1, FLOOR(RAND() * 50) + 1, ROUND(RAND() * 1.5 + 0.1, 2), 2),
(FLOOR(RAND() * 10) + 1, FLOOR(RAND() * 50) + 1, FLOOR(RAND() * 20) + 1, 1),
(FLOOR(RAND() * 10) + 1, FLOOR(RAND() * 50) + 1, ROUND(RAND() * 8 + 0.1, 2), 2),
(FLOOR(RAND() * 10) + 1, FLOOR(RAND() * 50) + 1, FLOOR(RAND() * 6) + 1, 1),
(FLOOR(RAND() * 10) + 1, FLOOR(RAND() * 50) + 1, ROUND(RAND() * 3.5 + 0.1, 2), 2),
(FLOOR(RAND() * 10) + 1, FLOOR(RAND() * 50) + 1, FLOOR(RAND() * 10) + 1, 1),
(FLOOR(RAND() * 10) + 1, FLOOR(RAND() * 50) + 1, ROUND(RAND() * 5 + 0.1, 2), 2),
(FLOOR(RAND() * 10) + 1, FLOOR(RAND() * 50) + 1, FLOOR(RAND() * 8) + 1, 1),
(FLOOR(RAND() * 10) + 1, FLOOR(RAND() * 50) + 1, ROUND(RAND() * 3 + 0.1, 2), 2),
(FLOOR(RAND() * 10) + 1, FLOOR(RAND() * 50) + 1, FLOOR(RAND() * 15) + 1, 1),
(FLOOR(RAND() * 10) + 1, FLOOR(RAND() * 50) + 1, ROUND(RAND() * 6 + 0.1, 2), 2),
(FLOOR(RAND() * 10) + 1, FLOOR(RAND() * 50) + 1, FLOOR(RAND() * 5) + 1, 1),
(FLOOR(RAND() * 10) + 1, FLOOR(RAND() * 50) + 1, ROUND(RAND() * 2 + 0.1, 2), 2),
(FLOOR(RAND() * 10) + 1, FLOOR(RAND() * 50) + 1, FLOOR(RAND() * 12) + 1, 1),
(FLOOR(RAND() * 10) + 1, FLOOR(RAND() * 50) + 1, ROUND(RAND() * 4 + 0.1, 2), 2),
(FLOOR(RAND() * 10) + 1, FLOOR(RAND() * 50) + 1, FLOOR(RAND() * 7) + 1, 1),
(FLOOR(RAND() * 10) + 1, FLOOR(RAND() * 50) + 1, ROUND(RAND() * 1.5 + 0.1, 2), 2),
(FLOOR(RAND() * 10) + 1, FLOOR(RAND() * 50) + 1, FLOOR(RAND() * 20) + 1, 1),
(FLOOR(RAND() * 10) + 1, FLOOR(RAND() * 50) + 1, ROUND(RAND() * 8 + 0.1, 2), 2),
(FLOOR(RAND() * 10) + 1, FLOOR(RAND() * 50) + 1, FLOOR(RAND() * 6) + 1, 1),
(FLOOR(RAND() * 10) + 1, FLOOR(RAND() * 50) + 1, ROUND(RAND() * 3.5 + 0.1, 2), 2),
(FLOOR(RAND() * 10) + 1, FLOOR(RAND() * 50) + 1, FLOOR(RAND() * 10) + 1, 1),
(FLOOR(RAND() * 10) + 1, FLOOR(RAND() * 50) + 1, ROUND(RAND() * 5 + 0.1, 2), 2),
(FLOOR(RAND() * 10) + 1, FLOOR(RAND() * 50) + 1, FLOOR(RAND() * 8) + 1, 1),
(FLOOR(RAND() * 10) + 1, FLOOR(RAND() * 50) + 1, ROUND(RAND() * 3 + 0.1, 2), 2),
(FLOOR(RAND() * 10) + 1, FLOOR(RAND() * 50) + 1, FLOOR(RAND() * 15) + 1, 1),
(FLOOR(RAND() * 10) + 1, FLOOR(RAND() * 50) + 1, ROUND(RAND() * 6 + 0.1, 2), 2),
(FLOOR(RAND() * 10) + 1, FLOOR(RAND() * 50) + 1, FLOOR(RAND() * 5) + 1, 1),
(FLOOR(RAND() * 10) + 1, FLOOR(RAND() * 50) + 1, ROUND(RAND() * 2 + 0.1, 2), 2),
(FLOOR(RAND() * 10) + 1, FLOOR(RAND() * 50) + 1, FLOOR(RAND() * 12) + 1, 1),
(FLOOR(RAND() * 10) + 1, FLOOR(RAND() * 50) + 1, ROUND(RAND() * 4 + 0.1, 2), 2),
(FLOOR(RAND() * 10) + 1, FLOOR(RAND() * 50) + 1, FLOOR(RAND() * 7) + 1, 1),
(FLOOR(RAND() * 10) + 1, FLOOR(RAND() * 50) + 1, ROUND(RAND() * 1.5 + 0.1, 2), 2),
(FLOOR(RAND() * 10) + 1, FLOOR(RAND() * 50) + 1, FLOOR(RAND() * 20) + 1, 1),
(FLOOR(RAND() * 10) + 1, FLOOR(RAND() * 50) + 1, ROUND(RAND() * 8 + 0.1, 2), 2),
(FLOOR(RAND() * 10) + 1, FLOOR(RAND() * 50) + 1, FLOOR(RAND() * 6) + 1, 1),
(FLOOR(RAND() * 10) + 1, FLOOR(RAND() * 50) + 1, ROUND(RAND() * 3.5 + 0.1, 2), 2),
(FLOOR(RAND() * 10) + 1, FLOOR(RAND() * 50) + 1, FLOOR(RAND() * 10) + 1, 1),
(FLOOR(RAND() * 10) + 1, FLOOR(RAND() * 50) + 1, ROUND(RAND() * 5 + 0.1, 2), 2);


INSERT INTO `compra` (`clienteId`, `data`, `formaPagamentoId`) VALUES
(FLOOR(RAND() * 10) + 1, DATE_ADD(CURDATE(), INTERVAL FLOOR(RAND() * 41) - 30 DAY), FLOOR(RAND() * 3) + 1),
(FLOOR(RAND() * 10) + 1, DATE_ADD(CURDATE(), INTERVAL FLOOR(RAND() * 41) - 30 DAY), FLOOR(RAND() * 3) + 1),
(FLOOR(RAND() * 10) + 1, DATE_ADD(CURDATE(), INTERVAL FLOOR(RAND() * 41) - 30 DAY), FLOOR(RAND() * 3) + 1),
(FLOOR(RAND() * 10) + 1, DATE_ADD(CURDATE(), INTERVAL FLOOR(RAND() * 41) - 30 DAY), FLOOR(RAND() * 3) + 1),
(FLOOR(RAND() * 10) + 1, DATE_ADD(CURDATE(), INTERVAL FLOOR(RAND() * 41) - 30 DAY), FLOOR(RAND() * 3) + 1),
(FLOOR(RAND() * 10) + 1, DATE_ADD(CURDATE(), INTERVAL FLOOR(RAND() * 41) - 30 DAY), FLOOR(RAND() * 3) + 1),
(FLOOR(RAND() * 10) + 1, DATE_ADD(CURDATE(), INTERVAL FLOOR(RAND() * 41) - 30 DAY), FLOOR(RAND() * 3) + 1),
(FLOOR(RAND() * 10) + 1, DATE_ADD(CURDATE(), INTERVAL FLOOR(RAND() * 41) - 30 DAY), FLOOR(RAND() * 3) + 1),
(FLOOR(RAND() * 10) + 1, DATE_ADD(CURDATE(), INTERVAL FLOOR(RAND() * 41) - 30 DAY), FLOOR(RAND() * 3) + 1),
(FLOOR(RAND() * 10) + 1, DATE_ADD(CURDATE(), INTERVAL FLOOR(RAND() * 41) - 30 DAY), FLOOR(RAND() * 3) + 1),
(FLOOR(RAND() * 10) + 1, DATE_ADD(CURDATE(), INTERVAL FLOOR(RAND() * 41) - 30 DAY), FLOOR(RAND() * 3) + 1),
(FLOOR(RAND() * 10) + 1, DATE_ADD(CURDATE(), INTERVAL FLOOR(RAND() * 41) - 30 DAY), FLOOR(RAND() * 3) + 1),
(FLOOR(RAND() * 10) + 1, DATE_ADD(CURDATE(), INTERVAL FLOOR(RAND() * 41) - 30 DAY), FLOOR(RAND() * 3) + 1),
(FLOOR(RAND() * 10) + 1, DATE_ADD(CURDATE(), INTERVAL FLOOR(RAND() * 41) - 30 DAY), FLOOR(RAND() * 3) + 1),
(FLOOR(RAND() * 10) + 1, DATE_ADD(CURDATE(), INTERVAL FLOOR(RAND() * 41) - 30 DAY), FLOOR(RAND() * 3) + 1),
(FLOOR(RAND() * 10) + 1, DATE_ADD(CURDATE(), INTERVAL FLOOR(RAND() * 41) - 30 DAY), FLOOR(RAND() * 3) + 1),
(FLOOR(RAND() * 10) + 1, DATE_ADD(CURDATE(), INTERVAL FLOOR(RAND() * 41) - 30 DAY), FLOOR(RAND() * 3) + 1),
(FLOOR(RAND() * 10) + 1, DATE_ADD(CURDATE(), INTERVAL FLOOR(RAND() * 41) - 30 DAY), FLOOR(RAND() * 3) + 1),
(FLOOR(RAND() * 10) + 1, DATE_ADD(CURDATE(), INTERVAL FLOOR(RAND() * 41) - 30 DAY), FLOOR(RAND() * 3) + 1),
(FLOOR(RAND() * 10) + 1, DATE_ADD(CURDATE(), INTERVAL FLOOR(RAND() * 41) - 30 DAY), FLOOR(RAND() * 3) + 1),
(FLOOR(RAND() * 10) + 1, DATE_ADD(CURDATE(), INTERVAL FLOOR(RAND() * 41) - 30 DAY), FLOOR(RAND() * 3) + 1),
(FLOOR(RAND() * 10) + 1, DATE_ADD(CURDATE(), INTERVAL FLOOR(RAND() * 41) - 30 DAY), FLOOR(RAND() * 3) + 1),
(FLOOR(RAND() * 10) + 1, DATE_ADD(CURDATE(), INTERVAL FLOOR(RAND() * 41) - 30 DAY), FLOOR(RAND() * 3) + 1),
(FLOOR(RAND() * 10) + 1, DATE_ADD(CURDATE(), INTERVAL FLOOR(RAND() * 41) - 30 DAY), FLOOR(RAND() * 3) + 1),
(FLOOR(RAND() * 10) + 1, DATE_ADD(CURDATE(), INTERVAL FLOOR(RAND() * 41) - 30 DAY), FLOOR(RAND() * 3) + 1),
(FLOOR(RAND() * 10) + 1, DATE_ADD(CURDATE(), INTERVAL FLOOR(RAND() * 41) - 30 DAY), FLOOR(RAND() * 3) + 1),
(FLOOR(RAND() * 10) + 1, DATE_ADD(CURDATE(), INTERVAL FLOOR(RAND() * 41) - 30 DAY), FLOOR(RAND() * 3) + 1),
(FLOOR(RAND() * 10) + 1, DATE_ADD(CURDATE(), INTERVAL FLOOR(RAND() * 41) - 30 DAY), FLOOR(RAND() * 3) + 1),
(FLOOR(RAND() * 10) + 1, DATE_ADD(CURDATE(), INTERVAL FLOOR(RAND() * 41) - 30 DAY), FLOOR(RAND() * 3) + 1),
(FLOOR(RAND() * 10) + 1, DATE_ADD(CURDATE(), INTERVAL FLOOR(RAND() * 41) - 30 DAY), FLOOR(RAND() * 3) + 1),
(FLOOR(RAND() * 10) + 1, DATE_ADD(CURDATE(), INTERVAL FLOOR(RAND() * 41) - 30 DAY), FLOOR(RAND() * 3) + 1),
(FLOOR(RAND() * 10) + 1, DATE_ADD(CURDATE(), INTERVAL FLOOR(RAND() * 41) - 30 DAY), FLOOR(RAND() * 3) + 1),
(FLOOR(RAND() * 10) + 1, DATE_ADD(CURDATE(), INTERVAL FLOOR(RAND() * 41) - 30 DAY), FLOOR(RAND() * 3) + 1),
(FLOOR(RAND() * 10) + 1, DATE_ADD(CURDATE(), INTERVAL FLOOR(RAND() * 41) - 30 DAY), FLOOR(RAND() * 3) + 1),
(FLOOR(RAND() * 10) + 1, DATE_ADD(CURDATE(), INTERVAL FLOOR(RAND() * 41) - 30 DAY), FLOOR(RAND() * 3) + 1),
(FLOOR(RAND() * 10) + 1, DATE_ADD(CURDATE(), INTERVAL FLOOR(RAND() * 41) - 30 DAY), FLOOR(RAND() * 3) + 1),
(FLOOR(RAND() * 10) + 1, DATE_ADD(CURDATE(), INTERVAL FLOOR(RAND() * 41) - 30 DAY), FLOOR(RAND() * 3) + 1),
(FLOOR(RAND() * 10) + 1, DATE_ADD(CURDATE(), INTERVAL FLOOR(RAND() * 41) - 30 DAY), FLOOR(RAND() * 3) + 1),
(FLOOR(RAND() * 10) + 1, DATE_ADD(CURDATE(), INTERVAL FLOOR(RAND() * 41) - 30 DAY), FLOOR(RAND() * 3) + 1),
(FLOOR(RAND() * 10) + 1, DATE_ADD(CURDATE(), INTERVAL FLOOR(RAND() * 41) - 30 DAY), FLOOR(RAND() * 3) + 1),
(FLOOR(RAND() * 10) + 1, DATE_ADD(CURDATE(), INTERVAL FLOOR(RAND() * 41) - 30 DAY), FLOOR(RAND() * 3) + 1),
(FLOOR(RAND() * 10) + 1, DATE_ADD(CURDATE(), INTERVAL FLOOR(RAND() * 41) - 30 DAY), FLOOR(RAND() * 3) + 1),
(FLOOR(RAND() * 10) + 1, DATE_ADD(CURDATE(), INTERVAL FLOOR(RAND() * 41) - 30 DAY), FLOOR(RAND() * 3) + 1),
(FLOOR(RAND() * 10) + 1, DATE_ADD(CURDATE(), INTERVAL FLOOR(RAND() * 41) - 30 DAY), FLOOR(RAND() * 3) + 1),
(FLOOR(RAND() * 10) + 1, DATE_ADD(CURDATE(), INTERVAL FLOOR(RAND() * 41) - 30 DAY), FLOOR(RAND() * 3) + 1),
(FLOOR(RAND() * 10) + 1, DATE_ADD(CURDATE(), INTERVAL FLOOR(RAND() * 41) - 30 DAY), FLOOR(RAND() * 3) + 1),
(FLOOR(RAND() * 10) + 1, DATE_ADD(CURDATE(), INTERVAL FLOOR(RAND() * 41) - 30 DAY), FLOOR(RAND() * 3) + 1),
(FLOOR(RAND() * 10) + 1, DATE_ADD(CURDATE(), INTERVAL FLOOR(RAND() * 41) - 30 DAY), FLOOR(RAND() * 3) + 1),
(FLOOR(RAND() * 10) + 1, DATE_ADD(CURDATE(), INTERVAL FLOOR(RAND() * 41) - 30 DAY), FLOOR(RAND() * 3) + 1),
(FLOOR(RAND() * 10) + 1, DATE_ADD(CURDATE(), INTERVAL FLOOR(RAND() * 41) - 30 DAY), FLOOR(RAND() * 3) + 1);


INSERT INTO `compraproduto` (`idCompra`, `idProduto`, `valor`, `quantidade`, `tipoQuantidadeId`) VALUES
(FLOOR(RAND() * 50) + 1, FLOOR(RAND() * 50) + 1, ROUND(RAND() * 200 + 10, 2), FLOOR(RAND() * 10) + 1, 1), -- Quantidade inteira
(FLOOR(RAND() * 50) + 1, FLOOR(RAND() * 50) + 1, ROUND(RAND() * 150 + 5, 2), ROUND(RAND() * 5 + 0.1, 2), 2), -- Quantidade float
(FLOOR(RAND() * 50) + 1, FLOOR(RAND() * 50) + 1, ROUND(RAND() * 180 + 8, 2), FLOOR(RAND() * 8) + 1, 1),
(FLOOR(RAND() * 50) + 1, FLOOR(RAND() * 50) + 1, ROUND(RAND() * 100 + 3, 2), ROUND(RAND() * 3 + 0.1, 2), 2),
(FLOOR(RAND() * 50) + 1, FLOOR(RAND() * 50) + 1, ROUND(RAND() * 250 + 15, 2), FLOOR(RAND() * 15) + 1, 1),
(FLOOR(RAND() * 50) + 1, FLOOR(RAND() * 50) + 1, ROUND(RAND() * 120 + 4, 2), ROUND(RAND() * 6 + 0.1, 2), 2),
(FLOOR(RAND() * 50) + 1, FLOOR(RAND() * 50) + 1, ROUND(RAND() * 90 + 5, 2), FLOOR(RAND() * 5) + 1, 1),
(FLOOR(RAND() * 50) + 1, FLOOR(RAND() * 50) + 1, ROUND(RAND() * 60 + 2, 2), ROUND(RAND() * 2 + 0.1, 2), 2),
(FLOOR(RAND() * 50) + 1, FLOOR(RAND() * 50) + 1, ROUND(RAND() * 220 + 12, 2), FLOOR(RAND() * 12) + 1, 1),
(FLOOR(RAND() * 50) + 1, FLOOR(RAND() * 50) + 1, ROUND(RAND() * 180 + 6, 2), ROUND(RAND() * 4 + 0.1, 2), 2),
(FLOOR(RAND() * 50) + 1, FLOOR(RAND() * 50) + 1, ROUND(RAND() * 110 + 7, 2), FLOOR(RAND() * 7) + 1, 1),
(FLOOR(RAND() * 50) + 1, FLOOR(RAND() * 50) + 1, ROUND(RAND() * 75 + 3, 2), ROUND(RAND() * 1.5 + 0.1, 2), 2),
(FLOOR(RAND() * 50) + 1, FLOOR(RAND() * 50) + 1, ROUND(RAND() * 300 + 20, 2), FLOOR(RAND() * 20) + 1, 1),
(FLOOR(RAND() * 50) + 1, FLOOR(RAND() * 50) + 1, ROUND(RAND() * 140 + 5, 2), ROUND(RAND() * 8 + 0.1, 2), 2),
(FLOOR(RAND() * 50) + 1, FLOOR(RAND() * 50) + 1, ROUND(RAND() * 100 + 4, 2), FLOOR(RAND() * 6) + 1, 1),
(FLOOR(RAND() * 50) + 1, FLOOR(RAND() * 50) + 1, ROUND(RAND() * 85 + 3, 2), ROUND(RAND() * 3.5 + 0.1, 2), 2),
(FLOOR(RAND() * 50) + 1, FLOOR(RAND() * 50) + 1, ROUND(RAND() * 210 + 10, 2), FLOOR(RAND() * 10) + 1, 1),
(FLOOR(RAND() * 50) + 1, FLOOR(RAND() * 50) + 1, ROUND(RAND() * 160 + 5, 2), ROUND(RAND() * 5 + 0.1, 2), 2),
(FLOOR(RAND() * 50) + 1, FLOOR(RAND() * 50) + 1, ROUND(RAND() * 190 + 8, 2), FLOOR(RAND() * 8) + 1, 1),
(FLOOR(RAND() * 50) + 1, FLOOR(RAND() * 50) + 1, ROUND(RAND() * 110 + 3, 2), ROUND(RAND() * 3 + 0.1, 2), 2),
(FLOOR(RAND() * 50) + 1, FLOOR(RAND() * 50) + 1, ROUND(RAND() * 260 + 15, 2), FLOOR(RAND() * 15) + 1, 1),
(FLOOR(RAND() * 50) + 1, FLOOR(RAND() * 50) + 1, ROUND(RAND() * 130 + 4, 2), ROUND(RAND() * 6 + 0.1, 2), 2),
(FLOOR(RAND() * 50) + 1, FLOOR(RAND() * 50) + 1, ROUND(RAND() * 95 + 5, 2), FLOOR(RAND() * 5) + 1, 1),
(FLOOR(RAND() * 50) + 1, FLOOR(RAND() * 50) + 1, ROUND(RAND() * 65 + 2, 2), ROUND(RAND() * 2 + 0.1, 2), 2),
(FLOOR(RAND() * 50) + 1, FLOOR(RAND() * 50) + 1, ROUND(RAND() * 230 + 12, 2), FLOOR(RAND() * 12) + 1, 1),
(FLOOR(RAND() * 50) + 1, FLOOR(RAND() * 50) + 1, ROUND(RAND() * 190 + 6, 2), ROUND(RAND() * 4 + 0.1, 2), 2),
(FLOOR(RAND() * 50) + 1, FLOOR(RAND() * 50) + 1, ROUND(RAND() * 120 + 7, 2), FLOOR(RAND() * 7) + 1, 1),
(FLOOR(RAND() * 50) + 1, FLOOR(RAND() * 50) + 1, ROUND(RAND() * 80 + 3, 2), ROUND(RAND() * 1.5 + 0.1, 2), 2),
(FLOOR(RAND() * 50) + 1, FLOOR(RAND() * 50) + 1, ROUND(RAND() * 310 + 20, 2), FLOOR(RAND() * 20) + 1, 1),
(FLOOR(RAND() * 50) + 1, FLOOR(RAND() * 50) + 1, ROUND(RAND() * 150 + 5, 2), ROUND(RAND() * 8 + 0.1, 2), 2),
(FLOOR(RAND() * 50) + 1, FLOOR(RAND() * 50) + 1, ROUND(RAND() * 105 + 4, 2), FLOOR(RAND() * 6) + 1, 1),
(FLOOR(RAND() * 50) + 1, FLOOR(RAND() * 50) + 1, ROUND(RAND() * 90 + 3, 2), ROUND(RAND() * 3.5 + 0.1, 2), 2),
(FLOOR(RAND() * 50) + 1, FLOOR(RAND() * 50) + 1, ROUND(RAND() * 220 + 10, 2), FLOOR(RAND() * 10) + 1, 1),
(FLOOR(RAND() * 50) + 1, FLOOR(RAND() * 50) + 1, ROUND(RAND() * 170 + 5, 2), ROUND(RAND() * 5 + 0.1, 2), 2),
(FLOOR(RAND() * 50) + 1, FLOOR(RAND() * 50) + 1, ROUND(RAND() * 200 + 8, 2), FLOOR(RAND() * 8) + 1, 1),
(FLOOR(RAND() * 50) + 1, FLOOR(RAND() * 50) + 1, ROUND(RAND() * 120 + 3, 2), ROUND(RAND() * 3 + 0.1, 2), 2),
(FLOOR(RAND() * 50) + 1, FLOOR(RAND() * 50) + 1, ROUND(RAND() * 270 + 15, 2), FLOOR(RAND() * 15) + 1, 1),
(FLOOR(RAND() * 50) + 1, FLOOR(RAND() * 50) + 1, ROUND(RAND() * 140 + 4, 2), ROUND(RAND() * 6 + 0.1, 2), 2),
(FLOOR(RAND() * 50) + 1, FLOOR(RAND() * 50) + 1, ROUND(RAND() * 100 + 5, 2), FLOOR(RAND() * 5) + 1, 1),
(FLOOR(RAND() * 50) + 1, FLOOR(RAND() * 50) + 1, ROUND(RAND() * 70 + 2, 2), ROUND(RAND() * 2 + 0.1, 2), 2),
(FLOOR(RAND() * 50) + 1, FLOOR(RAND() * 50) + 1, ROUND(RAND() * 240 + 12, 2), FLOOR(RAND() * 12) + 1, 1),
(FLOOR(RAND() * 50) + 1, FLOOR(RAND() * 50) + 1, ROUND(RAND() * 200 + 6, 2), ROUND(RAND() * 4 + 0.1, 2), 2),
(FLOOR(RAND() * 50) + 1, FLOOR(RAND() * 50) + 1, ROUND(RAND() * 130 + 7, 2), FLOOR(RAND() * 7) + 1, 1),
(FLOOR(RAND() * 50) + 1, FLOOR(RAND() * 50) + 1, ROUND(RAND() * 85 + 3, 2), ROUND(RAND() * 1.5 + 0.1, 2), 2),
(FLOOR(RAND() * 50) + 1, FLOOR(RAND() * 50) + 1, ROUND(RAND() * 320 + 20, 2), FLOOR(RAND() * 20) + 1, 1),
(FLOOR(RAND() * 50) + 1, FLOOR(RAND() * 50) + 1, ROUND(RAND() * 160 + 5, 2), ROUND(RAND() * 8 + 0.1, 2), 2),
(FLOOR(RAND() * 50) + 1, FLOOR(RAND() * 50) + 1, ROUND(RAND() * 110 + 4, 2), FLOOR(RAND() * 6) + 1, 1),
(FLOOR(RAND() * 50) + 1, FLOOR(RAND() * 50) + 1, ROUND(RAND() * 95 + 3, 2), ROUND(RAND() * 3.5 + 0.1, 2), 2),
(FLOOR(RAND() * 50) + 1, FLOOR(RAND() * 50) + 1, ROUND(RAND() * 230 + 10, 2), FLOOR(RAND() * 10) + 1, 1),
(FLOOR(RAND() * 50) + 1, FLOOR(RAND() * 50) + 1, ROUND(RAND() * 180 + 5, 2), ROUND(RAND() * 5 + 0.1, 2), 2),
(FLOOR(RAND() * 50) + 1, FLOOR(RAND() * 50) + 1, ROUND(RAND() * 210 + 8, 2), FLOOR(RAND() * 8) + 1, 1),
(FLOOR(RAND() * 50) + 1, FLOOR(RAND() * 50) + 1, ROUND(RAND() * 130 + 3, 2), ROUND(RAND() * 3 + 0.1, 2), 2),
(FLOOR(RAND() * 50) + 1, FLOOR(RAND() * 50) + 1, ROUND(RAND() * 280 + 15, 2), FLOOR(RAND() * 15) + 1, 1),
(FLOOR(RAND() * 50) + 1, FLOOR(RAND() * 50) + 1, ROUND(RAND() * 150 + 4, 2), ROUND(RAND() * 6 + 0.1, 2), 2),
(FLOOR(RAND() * 50) + 1, FLOOR(RAND() * 50) + 1, ROUND(RAND() * 105 + 5, 2), FLOOR(RAND() * 5) + 1, 1),
(FLOOR(RAND() * 50) + 1, FLOOR(RAND() * 50) + 1, ROUND(RAND() * 75 + 2, 2), ROUND(RAND() * 2 + 0.1, 2), 2),
(FLOOR(RAND() * 50) + 1, FLOOR(RAND() * 50) + 1, ROUND(RAND() * 250 + 12, 2), FLOOR(RAND() * 12) + 1, 1),
(FLOOR(RAND() * 50) + 1, FLOOR(RAND() * 50) + 1, ROUND(RAND() * 210 + 6, 2), ROUND(RAND() * 4 + 0.1, 2), 2),
(FLOOR(RAND() * 50) + 1, FLOOR(RAND() * 50) + 1, ROUND(RAND() * 140 + 7, 2), FLOOR(RAND() * 7) + 1, 1),
(FLOOR(RAND() * 50) + 1, FLOOR(RAND() * 50) + 1, ROUND(RAND() * 90 + 3, 2), ROUND(RAND() * 1.5 + 0.1, 2), 2),
(FLOOR(RAND() * 50) + 1, FLOOR(RAND() * 50) + 1, ROUND(RAND() * 330 + 20, 2), FLOOR(RAND() * 20) + 1, 1),
(FLOOR(RAND() * 50) + 1, FLOOR(RAND() * 50) + 1, ROUND(RAND() * 170 + 5, 2), ROUND(RAND() * 8 + 0.1, 2), 2),
(FLOOR(RAND() * 50) + 1, FLOOR(RAND() * 50) + 1, ROUND(RAND() * 115 + 4, 2), FLOOR(RAND() * 6) + 1, 1),
(FLOOR(RAND() * 50) + 1, FLOOR(RAND() * 50) + 1, ROUND(RAND() * 100 + 3, 2), ROUND(RAND() * 3.5 + 0.1, 2), 2),
(FLOOR(RAND() * 50) + 1, FLOOR(RAND() * 50) + 1, ROUND(RAND() * 240 + 10, 2), FLOOR(RAND() * 10) + 1, 1),
(FLOOR(RAND() * 50) + 1, FLOOR(RAND() * 50) + 1, ROUND(RAND() * 190 + 5, 2), ROUND(RAND() * 5 + 0.1, 2), 2),
(FLOOR(RAND() * 50) + 1, FLOOR(RAND() * 50) + 1, ROUND(RAND() * 220 + 8, 2), FLOOR(RAND() * 8) + 1, 1),
(FLOOR(RAND() * 50) + 1, FLOOR(RAND() * 50) + 1, ROUND(RAND() * 140 + 3, 2), ROUND(RAND() * 3 + 0.1, 2), 2),
(FLOOR(RAND() * 50) + 1, FLOOR(RAND() * 50) + 1, ROUND(RAND() * 290 + 15, 2), FLOOR(RAND() * 15) + 1, 1),
(FLOOR(RAND() * 50) + 1, FLOOR(RAND() * 50) + 1, ROUND(RAND() * 160 + 4, 2), ROUND(RAND() * 6 + 0.1, 2), 2),
(FLOOR(RAND() * 50) + 1, FLOOR(RAND() * 50) + 1, ROUND(RAND() * 110 + 5, 2), FLOOR(RAND() * 5) + 1, 1),
(FLOOR(RAND() * 50) + 1, FLOOR(RAND() * 50) + 1, ROUND(RAND() * 80 + 2, 2), ROUND(RAND() * 2 + 0.1, 2), 2),
(FLOOR(RAND() * 50) + 1, FLOOR(RAND() * 50) + 1, ROUND(RAND() * 260 + 12, 2), FLOOR(RAND() * 12) + 1, 1),
(FLOOR(RAND() * 50) + 1, FLOOR(RAND() * 50) + 1, ROUND(RAND() * 220 + 6, 2), ROUND(RAND() * 4 + 0.1, 2), 2),
(FLOOR(RAND() * 50) + 1, FLOOR(RAND() * 50) + 1, ROUND(RAND() * 150 + 7, 2), FLOOR(RAND() * 7) + 1, 1),
(FLOOR(RAND() * 50) + 1, FLOOR(RAND() * 50) + 1, ROUND(RAND() * 95 + 3, 2), ROUND(RAND() * 1.5 + 0.1, 2), 2),
(FLOOR(RAND() * 50) + 1, FLOOR(RAND() * 50) + 1, ROUND(RAND() * 340 + 20, 2), FLOOR(RAND() * 20) + 1, 1),
(FLOOR(RAND() * 50) + 1, FLOOR(RAND() * 50) + 1, ROUND(RAND() * 180 + 5, 2), ROUND(RAND() * 8 + 0.1, 2), 2),
(FLOOR(RAND() * 50) + 1, FLOOR(RAND() * 50) + 1, ROUND(RAND() * 120 + 4, 2), FLOOR(RAND() * 6) + 1, 1),
(FLOOR(RAND() * 50) + 1, FLOOR(RAND() * 50) + 1, ROUND(RAND() * 105 + 3, 2), ROUND(RAND() * 3.5 + 0.1, 2), 2),
(FLOOR(RAND() * 50) + 1, FLOOR(RAND() * 50) + 1, ROUND(RAND() * 250 + 10, 2), FLOOR(RAND() * 10) + 1, 1),
(FLOOR(RAND() * 50) + 1, FLOOR(RAND() * 50) + 1, ROUND(RAND() * 200 + 5, 2), ROUND(RAND() * 5 + 0.1, 2), 2),
(FLOOR(RAND() * 50) + 1, FLOOR(RAND() * 50) + 1, ROUND(RAND() * 230 + 8, 2), FLOOR(RAND() * 8) + 1, 1),
(FLOOR(RAND() * 50) + 1, FLOOR(RAND() * 50) + 1, ROUND(RAND() * 150 + 3, 2), ROUND(RAND() * 3 + 0.1, 2), 2),
(FLOOR(RAND() * 50) + 1, FLOOR(RAND() * 50) + 1, ROUND(RAND() * 300 + 15, 2), FLOOR(RAND() * 15) + 1, 1),
(FLOOR(RAND() * 50) + 1, FLOOR(RAND() * 50) + 1, ROUND(RAND() * 170 + 4, 2), ROUND(RAND() * 6 + 0.1, 2), 2),
(FLOOR(RAND() * 50) + 1, FLOOR(RAND() * 50) + 1, ROUND(RAND() * 115 + 5, 2), FLOOR(RAND() * 5) + 1, 1),
(FLOOR(RAND() * 50) + 1, FLOOR(RAND() * 50) + 1, ROUND(RAND() * 85 + 2, 2), ROUND(RAND() * 2 + 0.1, 2), 2),
(FLOOR(RAND() * 50) + 1, FLOOR(RAND() * 50) + 1, ROUND(RAND() * 270 + 12, 2), FLOOR(RAND() * 12) + 1, 1),
(FLOOR(RAND() * 50) + 1, FLOOR(RAND() * 50) + 1, ROUND(RAND() * 230 + 6, 2), ROUND(RAND() * 4 + 0.1, 2), 2),
(FLOOR(RAND() * 50) + 1, FLOOR(RAND() * 50) + 1, ROUND(RAND() * 160 + 7, 2), FLOOR(RAND() * 7) + 1, 1),
(FLOOR(RAND() * 50) + 1, FLOOR(RAND() * 50) + 1, ROUND(RAND() * 100 + 3, 2), ROUND(RAND() * 1.5 + 0.1, 2), 2),
(FLOOR(RAND() * 50) + 1, FLOOR(RAND() * 50) + 1, ROUND(RAND() * 350 + 20, 2), FLOOR(RAND() * 20) + 1, 1),
(FLOOR(RAND() * 50) + 1, FLOOR(RAND() * 50) + 1, ROUND(RAND() * 190 + 5, 2), ROUND(RAND() * 8 + 0.1, 2), 2),
(FLOOR(RAND() * 50) + 1, FLOOR(RAND() * 50) + 1, ROUND(RAND() * 125 + 4, 2), FLOOR(RAND() * 6) + 1, 1),
(FLOOR(RAND() * 50) + 1, FLOOR(RAND() * 50) + 1, ROUND(RAND() * 110 + 3, 2), ROUND(RAND() * 3.5 + 0.1, 2), 2),
(FLOOR(RAND() * 50) + 1, FLOOR(RAND() * 50) + 1, ROUND(RAND() * 260 + 10, 2), FLOOR(RAND() * 10) + 1, 1),
(FLOOR(RAND() * 50) + 1, FLOOR(RAND() * 50) + 1, ROUND(RAND() * 210 + 5, 2), ROUND(RAND() * 5 + 0.1, 2), 2),
(FLOOR(RAND() * 50) + 1, FLOOR(RAND() * 50) + 1, ROUND(RAND() * 240 + 8, 2), FLOOR(RAND() * 8) + 1, 1),
(FLOOR(RAND() * 50) + 1, FLOOR(RAND() * 50) + 1, ROUND(RAND() * 160 + 3, 2), ROUND(RAND() * 3 + 0.1, 2), 2),
(FLOOR(RAND() * 50) + 1, FLOOR(RAND() * 50) + 1, ROUND(RAND() * 310 + 15, 2), FLOOR(RAND() * 15) + 1, 1),
(FLOOR(RAND() * 50) + 1, FLOOR(RAND() * 50) + 1, ROUND(RAND() * 180 + 4, 2), ROUND(RAND() * 6 + 0.1, 2), 2);