use novilho;

-- TABELAS DE DOMÍNIO
INSERT INTO `categoria` (`id`, `nome`) VALUES
(1, 'Bovinos'),
(2, 'Aves'),
(3, 'Suínos'),
(4, 'Peixes'),
(5, 'Bebidas'),
(6, 'Churrasco');


INSERT INTO `formaPagamento` (`id`, `nome`) VALUES
(1, 'PIX'),
(2, 'Débito'),
(3, 'Crédito');


INSERT INTO `tipoQuantidade` (`id`, `tipo`) VALUES
(1, 'Inteiro'),
(2, 'Decimal');

INSERT INTO `tipoUsuario`(`nome`) VALUES ('Cliente'),('Administrador');

-- INSERTS PARA A NOVA TABELA STATUS
INSERT INTO `status` (`id`, `nome`) VALUES
(1, 'Pendente'),
(2, 'Concluído'),
(3, 'Em Preparo'),
(4, 'Enviado'),
(5, 'Cancelado');


-- DADOS FICTÍCIOS
INSERT INTO `usuario` (`id`, `cpf`, `nome`, `endereco`, `complemento`, `cep`, `email`, `senha`, `telefone`, `tipoId`) VALUES
(1, '11111111111', 'Fulano da Silva 1', 'Rua Imaginaria 1, 123', 'Apto 101', '11111111', 'fulano1.silva@email.com', 'senha123', '11111111111', 1),
(2, '22222222222', 'Ciclana Souza 2', 'Avenida Inexistente 2, 456', 'Casa 2', '22222222', 'ciclana2.souza@email.com', 'senha456', '11111111111', 1),
(3, '33333333333', 'Beltrano Oliveira 3', 'Travessa Fantasma 3, 789', '', '33333333', 'beltrano3.oliveira@email.com', 'senha789', '11111111111', 1),
(4, '44444444444', 'Josefina Costa 4', 'Alameda Virtual 4, 1011', 'Sala 3', '44444444', 'josefina4.costa@email.com', 'senhaabc', '11111111111', 1),
(5, '55555555555', 'Antonio Pereira 5', 'Praça Irreal 5, 1213', '', '55555555', 'antonio5.pereira@email.com', 'senha_def','11111111111', 1),
(6, '66666666666', 'Mariana Almeida 6', 'Estrada Ficticia 6, 1415', 'Bloco C', '66666666', 'mariana6.almeida@email.com', 'senha_ghi', '11111111111', 1),
(7, '77777777777', 'Lucas Santos 7', 'Rua dos Sonhos 7, 1617', 'Fundos', '77777777', 'lucas7.santos@email.com', 'senha_jkl', '11111111111', 1),
(8, '88888888888', 'Fernanda Lima 8', 'Avenida da Imaginação 8, 1819', '', '88888888', 'fernanda8.lima@email.com', 'senha_mno', '11111111111', 1),
(9, '99999999999', 'Rafael Rocha 9', 'Viela Escondida 9, 2021', 'Casa da Frente', '99999999', 'rafael9.rocha@email.com', 'senha_pqr', '11111111111', 1),
(10, '99654399999', 'Rafael Rocha 9', 'Viela Escondida 9, 2021', 'Casa da Frente', '94599999', 'rafae20.rocha@email.com', 'senha_pqr', '11114411111', 1),
(11, '00456700000', 'Administrador', 'Rua 404', 'Apto 505', '00000000', 'admin@gmail.com', '123', '11112345111', 2);


INSERT INTO `produto` (`nome`, `categoriaId`, `valor`, `descricao`, `nomeImagem`, `tipoQuantidadeId`) VALUES
('Picanha Uruguaia', FLOOR(RAND() * 6) + 1, ROUND(RAND() * 150 + 50, 2), 'Deliciosa picanha de origem Uruguaia, macia e suculenta.', 'picanha_uruguaia.jpg', 2),
('Carvão Vegetal 5kg', FLOOR(RAND() * 6) + 1, ROUND(RAND() * 40 + 15, 2), 'Saco de carvão de reflorestamento de alta qualidade para seu churrasco.', 'carvao_5kg.jpg', 1),
('Cerveja Artesanal IPA', FLOOR(RAND() * 6) + 1, ROUND(RAND() * 20 + 8, 2), 'Cerveja IPA lupulada e refrescante, perfeita para acompanhar carnes grelhadas.', 'cerveja_ipa.jpg', 1),
('Linguiça Toscana Tradicional', FLOOR(RAND() * 6) + 1, ROUND(RAND() * 35 + 15, 2), 'Linguiça toscana suína frescal com tempero tradicional.', 'linguica_toscana.jpg', 2),
('Kit Utensílios para Churrasco', FLOOR(RAND() * 6) + 1, ROUND(RAND() * 100 + 50, 2), 'Conjunto completo com garfo trinchante, faca e pegador para churrasco.', 'kit_utensilios.jpg', 1),
('Entrecôte Angus', FLOOR(RAND() * 6) + 1, ROUND(RAND() * 180 + 60, 2), 'Corte nobre de Entrecôte da raça Angus, marmorizado e saboroso.', 'entrecote_angus.jpg', 2),
('Refrigerante Cola 2L', FLOOR(RAND() * 6) + 1, ROUND(RAND() * 10 + 4, 2), 'Refrigerante sabor cola em garrafa pet de 2 litros.', 'refri_cola_2l.jpg', 1),
('Pão de Alho Tradicional', FLOOR(RAND() * 6) + 1, ROUND(RAND() * 15 + 5, 2), 'Delicioso pão de alho pronto para assar na brasa.', 'pao_de_alho.jpg', 1),
('Assado de Tira', FLOOR(RAND() * 6) + 1, ROUND(RAND() * 160 + 50, 2), 'Corte clássico para churrasco, muito saboroso e suculento.', 'assado_de_tira.jpg', 2),
('Água Mineral sem Gás 1.5L', FLOOR(RAND() * 6) + 1, ROUND(RAND() * 5 + 2, 2), 'Garrafa de água mineral natural sem gás.', 'agua_sem_gas.jpg', 1),
('Maminha Maturada', FLOOR(RAND() * 6) + 1, ROUND(RAND() * 140 + 40, 2), 'Maminha selecionada e maturada para garantir maciez extra.', 'maminha_maturada.jpg', 2),
('Sal Grosso para Churrasco', FLOOR(RAND() * 6) + 1, ROUND(RAND() * 12 + 5, 2), 'Sal grosso iodado ideal para temperar carnes na brasa.', 'sal_grosso.jpg', 1),
('Cerveja Lager Nacional', FLOOR(RAND() * 6) + 1, ROUND(RAND() * 10 + 4, 2), 'Cerveja Lager leve e refrescante.', 'cerveja_lager.jpg', 1),
('Fraldinha Red Series', FLOOR(RAND() * 6) + 1, ROUND(RAND() * 130 + 40, 2), 'Corte especial de fraldinha com fibras macias e sabor acentuado.', 'fraldinha_red.jpg', 2),
('Espeto Duplo Cromado', FLOOR(RAND() * 6) + 1, ROUND(RAND() * 30 + 10, 2), 'Espeto duplo resistente com acabamento cromado.', 'espeto_duplo.jpg', 1),
('Queijo Coalho Tradicional', FLOOR(RAND() * 6) + 1, ROUND(RAND() * 25 + 10, 2), 'Queijo coalho frescal, perfeito para assar no churrasco.', 'queijo_coalho.jpg', 2),
('Costela Janela Bovina', FLOOR(RAND() * 6) + 1, ROUND(RAND() * 90 + 30, 2), 'Corte suculento da costela bovina, ideal para longos períodos de cozimento na brasa.', 'costela_janela.jpg', 2),
('Guaraná Antartica 2L', FLOOR(RAND() * 6) + 1, ROUND(RAND() * 10 + 4, 2), 'Refrigerante sabor guaraná em garrafa pet de 2 litros.', 'guarana_2l.jpg', 1),
('Farofa Tradicional Pronta', FLOOR(RAND() * 6) + 1, ROUND(RAND() * 18 + 7, 2), 'Farofa de mandioca temperada e pronta para acompanhar seu churrasco.', 'farofa_pronta.jpg', 1),
('Sobrecoxa de Frango Temperada', FLOOR(RAND() * 6) + 1, ROUND(RAND() * 20 + 8, 2), 'Sobrecoxa de frango dessossada e temperada, pronta para grelhar.', 'sobrecoxa_temperada.jpg', 2),
('Contra Filé Grill', FLOOR(RAND() * 6) + 1, ROUND(RAND() * 170 + 55, 2), 'Corte macio e ideal para grelhar, com boa capa de gordura.', 'contrafile_grill.jpg', 2),
('Asa de Frango Temperada', FLOOR(RAND() * 6) + 1, ROUND(RAND() * 25 + 10, 2), 'Asas de frango marinadas em tempero especial, prontas para o churrasco.', 'asa_frango_temp.jpg', 2),
('Pack Cerveja Lager (12 latas)', FLOOR(RAND() * 6) + 1, ROUND(RAND() * 50 + 20, 2), 'Pacote com 12 latas de cerveja Lager nacional.', 'pack_lager_12.jpg', 1),
('Faca para Churrasco 8"', FLOOR(RAND() * 6) + 1, ROUND(RAND() * 80 + 30, 2), 'Faca de aço inoxidável com lâmina de 8 polegadas, cabo de madeira.', 'faca_churrasco8.jpg', 1),
('Queijo Mussarela Trançado', FLOOR(RAND() * 6) + 1, ROUND(RAND() * 40 + 15, 2), 'Queijo mussarela fresco no formato trançado, delicioso grelhado.', 'mussarela_trancado.jpg', 2),
('Cupim Bovino', FLOOR(RAND() * 6) + 1, ROUND(RAND() * 80 + 30, 2), 'Corte com bastante gordura entremeada, ideal para longos cozimentos.', 'cupim_bovino.jpg', 2),
('Água Tônica Lata', FLOOR(RAND() * 6) + 1, ROUND(RAND() * 6 + 3, 2), 'Lata de água tônica, refrescante e versátil.', 'agua_tonica_lata.jpg', 1),
('Linguiça de Frango com Queijo', FLOOR(RAND() * 6) + 1, ROUND(RAND() * 32 + 18, 2), 'Linguiça de frango recheada com queijo, sabor suave e cremoso.', 'linguica_frango_queijo.jpg', 2),
('Avental para Churrasqueiro', FLOOR(RAND() * 6) + 1, ROUND(RAND() * 60 + 25, 2), 'Avental resistente e prático para proteger durante o churrasco.', 'avental_churras.jpg', 1),
('Maminha Grill', FLOOR(RAND() * 6) + 1, ROUND(RAND() * 130 + 45, 2), 'Corte macio da maminha, ótimo para grelhar rápido.', 'maminha_grill.jpg', 2),
('Suco de Laranja Integral 1L', FLOOR(RAND() * 6) + 1, ROUND(RAND() * 12 + 5, 2), 'Suco de laranja 100% integral, sem adição de açúcar.', 'suco_laranja_1l.jpg', 1),
('Ponta do Peito Bovina', FLOOR(RAND() * 6) + 1, ROUND(RAND() * 75 + 25, 2), 'Corte dianteiro, muito saboroso quando cozido lentamente.', 'ponta_peito.jpg', 2),
('Molho Barbecue Tradicional', FLOOR(RAND() * 6) + 1, ROUND(RAND() * 18 + 7, 2), 'Molho barbecue clássico para acompanhar carnes.', 'molho_bbq.jpg', 1);



INSERT INTO `usuarioCarrinho` (`usuarioId`, `produtoId`, `quantidade`, `tipoQuantidadeId`) VALUES
(FLOOR(RAND() * 10) + 1, FLOOR(RAND() *32) + 1, FLOOR(RAND() * 10) + 1, 1), -- Quantidade inteira
(FLOOR(RAND() * 10) + 1, FLOOR(RAND() *32) + 1, ROUND(RAND() * 5 + 0.1, 2), 2), -- Quantidade float
(FLOOR(RAND() * 10) + 1, FLOOR(RAND() *32) + 1, FLOOR(RAND() * 8) + 1, 1),
(FLOOR(RAND() * 10) + 1, FLOOR(RAND() *32) + 1, ROUND(RAND() * 3 + 0.1, 2), 2),
(FLOOR(RAND() * 10) + 1, FLOOR(RAND() *32) + 1, FLOOR(RAND() * 15) + 1, 1),
(FLOOR(RAND() * 10) + 1, FLOOR(RAND() *32) + 1, ROUND(RAND() * 6 + 0.1, 2), 2),
(FLOOR(RAND() * 10) + 1, FLOOR(RAND() *32) + 1, FLOOR(RAND() * 5) + 1, 1),
(FLOOR(RAND() * 10) + 1, FLOOR(RAND() *32) + 1, ROUND(RAND() * 2 + 0.1, 2), 2),
(FLOOR(RAND() * 10) + 1, FLOOR(RAND() *32) + 1, FLOOR(RAND() * 12) + 1, 1),
(FLOOR(RAND() * 10) + 1, FLOOR(RAND() *32) + 1, ROUND(RAND() * 4 + 0.1, 2), 2),
(FLOOR(RAND() * 10) + 1, FLOOR(RAND() *32) + 1, FLOOR(RAND() * 7) + 1, 1),
(FLOOR(RAND() * 10) + 1, FLOOR(RAND() *32) + 1, ROUND(RAND() * 1.5 + 0.1, 2), 2),
(FLOOR(RAND() * 10) + 1, FLOOR(RAND() *32) + 1, FLOOR(RAND() * 20) + 1, 1),
(FLOOR(RAND() * 10) + 1, FLOOR(RAND() *32) + 1, ROUND(RAND() * 8 + 0.1, 2), 2),
(FLOOR(RAND() * 10) + 1, FLOOR(RAND() *32) + 1, FLOOR(RAND() * 6) + 1, 1),
(FLOOR(RAND() * 10) + 1, FLOOR(RAND() *32) + 1, ROUND(RAND() * 3.5 + 0.1, 2), 2),
(FLOOR(RAND() * 10) + 1, FLOOR(RAND() *32) + 1, FLOOR(RAND() * 10) + 1, 1),
(FLOOR(RAND() * 10) + 1, FLOOR(RAND() *32) + 1, ROUND(RAND() * 5 + 0.1, 2), 2),
(FLOOR(RAND() * 10) + 1, FLOOR(RAND() *32) + 1, FLOOR(RAND() * 8) + 1, 1),
(FLOOR(RAND() * 10) + 1, FLOOR(RAND() *32) + 1, ROUND(RAND() * 3 + 0.1, 2), 2),
(FLOOR(RAND() * 10) + 1, FLOOR(RAND() *32) + 1, FLOOR(RAND() * 15) + 1, 1),
(FLOOR(RAND() * 10) + 1, FLOOR(RAND() *32) + 1, ROUND(RAND() * 6 + 0.1, 2), 2),
(FLOOR(RAND() * 10) + 1, FLOOR(RAND() *32) + 1, FLOOR(RAND() * 5) + 1, 1),
(FLOOR(RAND() * 10) + 1, FLOOR(RAND() *32) + 1, ROUND(RAND() * 2 + 0.1, 2), 2),
(FLOOR(RAND() * 10) + 1, FLOOR(RAND() *32) + 1, FLOOR(RAND() * 12) + 1, 1),
(FLOOR(RAND() * 10) + 1, FLOOR(RAND() *32) + 1, ROUND(RAND() * 4 + 0.1, 2), 2),
(FLOOR(RAND() * 10) + 1, FLOOR(RAND() *32) + 1, FLOOR(RAND() * 7) + 1, 1),
(FLOOR(RAND() * 10) + 1, FLOOR(RAND() *32) + 1, ROUND(RAND() * 1.5 + 0.1, 2), 2),
(FLOOR(RAND() * 10) + 1, FLOOR(RAND() *32) + 1, FLOOR(RAND() * 20) + 1, 1),
(FLOOR(RAND() * 10) + 1, FLOOR(RAND() *32) + 1, ROUND(RAND() * 8 + 0.1, 2), 2),
(FLOOR(RAND() * 10) + 1, FLOOR(RAND() *32) + 1, FLOOR(RAND() * 6) + 1, 1),
(FLOOR(RAND() * 10) + 1, FLOOR(RAND() *32) + 1, ROUND(RAND() * 3.5 + 0.1, 2), 2),
(FLOOR(RAND() * 10) + 1, FLOOR(RAND() *32) + 1, FLOOR(RAND() * 10) + 1, 1),
(FLOOR(RAND() * 10) + 1, FLOOR(RAND() *32) + 1, ROUND(RAND() * 5 + 0.1, 2), 2),
(FLOOR(RAND() * 10) + 1, FLOOR(RAND() *32) + 1, FLOOR(RAND() * 8) + 1, 1),
(FLOOR(RAND() * 10) + 1, FLOOR(RAND() *32) + 1, ROUND(RAND() * 3 + 0.1, 2), 2),
(FLOOR(RAND() * 10) + 1, FLOOR(RAND() *32) + 1, FLOOR(RAND() * 15) + 1, 1),
(FLOOR(RAND() * 10) + 1, FLOOR(RAND() *32) + 1, ROUND(RAND() * 6 + 0.1, 2), 2),
(FLOOR(RAND() * 10) + 1, FLOOR(RAND() *32) + 1, FLOOR(RAND() * 5) + 1, 1),
(FLOOR(RAND() * 10) + 1, FLOOR(RAND() *32) + 1, ROUND(RAND() * 2 + 0.1, 2), 2),
(FLOOR(RAND() * 10) + 1, FLOOR(RAND() *32) + 1, FLOOR(RAND() * 12) + 1, 1),
(FLOOR(RAND() * 10) + 1, FLOOR(RAND() *32) + 1, ROUND(RAND() * 4 + 0.1, 2), 2),
(FLOOR(RAND() * 10) + 1, FLOOR(RAND() *32) + 1, FLOOR(RAND() * 7) + 1, 1),
(FLOOR(RAND() * 10) + 1, FLOOR(RAND() *32) + 1, ROUND(RAND() * 1.5 + 0.1, 2), 2),
(FLOOR(RAND() * 10) + 1, FLOOR(RAND() *32) + 1, FLOOR(RAND() * 20) + 1, 1),
(FLOOR(RAND() * 10) + 1, FLOOR(RAND() *32) + 1, ROUND(RAND() * 8 + 0.1, 2), 2),
(FLOOR(RAND() * 10) + 1, FLOOR(RAND() *32) + 1, FLOOR(RAND() * 6) + 1, 1),
(FLOOR(RAND() * 10) + 1, FLOOR(RAND() *32) + 1, ROUND(RAND() * 3.5 + 0.1, 2), 2),
(FLOOR(RAND() * 10) + 1, FLOOR(RAND() *32) + 1, FLOOR(RAND() * 10) + 1, 1),
(FLOOR(RAND() * 10) + 1, FLOOR(RAND() *32) + 1, ROUND(RAND() * 5 + 0.1, 2), 2);


INSERT INTO `compra` (`usuarioId`, `data`, `formaPagamentoId`, `statusId`) VALUES
(FLOOR(RAND() * 10) + 1, DATE_ADD(CURDATE(), INTERVAL FLOOR(RAND() * 41) - 30 DAY), FLOOR(RAND() * 3) + 1, FLOOR(RAND() * 2) + 1),
(FLOOR(RAND() * 10) + 1, DATE_ADD(CURDATE(), INTERVAL FLOOR(RAND() * 41) - 30 DAY), FLOOR(RAND() * 3) + 1, FLOOR(RAND() * 2) + 1),
(FLOOR(RAND() * 10) + 1, DATE_ADD(CURDATE(), INTERVAL FLOOR(RAND() * 41) - 30 DAY), FLOOR(RAND() * 3) + 1, FLOOR(RAND() * 2) + 1),
(FLOOR(RAND() * 10) + 1, DATE_ADD(CURDATE(), INTERVAL FLOOR(RAND() * 41) - 30 DAY), FLOOR(RAND() * 3) + 1, FLOOR(RAND() * 2) + 1),
(FLOOR(RAND() * 10) + 1, DATE_ADD(CURDATE(), INTERVAL FLOOR(RAND() * 41) - 30 DAY), FLOOR(RAND() * 3) + 1, FLOOR(RAND() * 2) + 1),
(FLOOR(RAND() * 10) + 1, DATE_ADD(CURDATE(), INTERVAL FLOOR(RAND() * 41) - 30 DAY), FLOOR(RAND() * 3) + 1, FLOOR(RAND() * 2) + 1),
(FLOOR(RAND() * 10) + 1, DATE_ADD(CURDATE(), INTERVAL FLOOR(RAND() * 41) - 30 DAY), FLOOR(RAND() * 3) + 1, FLOOR(RAND() * 2) + 1),
(FLOOR(RAND() * 10) + 1, DATE_ADD(CURDATE(), INTERVAL FLOOR(RAND() * 41) - 30 DAY), FLOOR(RAND() * 3) + 1, FLOOR(RAND() * 2) + 1),
(FLOOR(RAND() * 10) + 1, DATE_ADD(CURDATE(), INTERVAL FLOOR(RAND() * 41) - 30 DAY), FLOOR(RAND() * 3) + 1, FLOOR(RAND() * 2) + 1),
(FLOOR(RAND() * 10) + 1, DATE_ADD(CURDATE(), INTERVAL FLOOR(RAND() * 41) - 30 DAY), FLOOR(RAND() * 3) + 1, FLOOR(RAND() * 2) + 1),
(FLOOR(RAND() * 10) + 1, DATE_ADD(CURDATE(), INTERVAL FLOOR(RAND() * 41) - 30 DAY), FLOOR(RAND() * 3) + 1, FLOOR(RAND() * 2) + 1),
(FLOOR(RAND() * 10) + 1, DATE_ADD(CURDATE(), INTERVAL FLOOR(RAND() * 41) - 30 DAY), FLOOR(RAND() * 3) + 1, FLOOR(RAND() * 2) + 1),
(FLOOR(RAND() * 10) + 1, DATE_ADD(CURDATE(), INTERVAL FLOOR(RAND() * 41) - 30 DAY), FLOOR(RAND() * 3) + 1, FLOOR(RAND() * 2) + 1),
(FLOOR(RAND() * 10) + 1, DATE_ADD(CURDATE(), INTERVAL FLOOR(RAND() * 41) - 30 DAY), FLOOR(RAND() * 3) + 1, FLOOR(RAND() * 2) + 1),
(FLOOR(RAND() * 10) + 1, DATE_ADD(CURDATE(), INTERVAL FLOOR(RAND() * 41) - 30 DAY), FLOOR(RAND() * 3) + 1, FLOOR(RAND() * 2) + 1),
(FLOOR(RAND() * 10) + 1, DATE_ADD(CURDATE(), INTERVAL FLOOR(RAND() * 41) - 30 DAY), FLOOR(RAND() * 3) + 1, FLOOR(RAND() * 2) + 1),
(FLOOR(RAND() * 10) + 1, DATE_ADD(CURDATE(), INTERVAL FLOOR(RAND() * 41) - 30 DAY), FLOOR(RAND() * 3) + 1, FLOOR(RAND() * 2) + 1),
(FLOOR(RAND() * 10) + 1, DATE_ADD(CURDATE(), INTERVAL FLOOR(RAND() * 41) - 30 DAY), FLOOR(RAND() * 3) + 1, FLOOR(RAND() * 2) + 1),
(FLOOR(RAND() * 10) + 1, DATE_ADD(CURDATE(), INTERVAL FLOOR(RAND() * 41) - 30 DAY), FLOOR(RAND() * 3) + 1, FLOOR(RAND() * 2) + 1),
(FLOOR(RAND() * 10) + 1, DATE_ADD(CURDATE(), INTERVAL FLOOR(RAND() * 41) - 30 DAY), FLOOR(RAND() * 3) + 1, FLOOR(RAND() * 2) + 1),
(FLOOR(RAND() * 10) + 1, DATE_ADD(CURDATE(), INTERVAL FLOOR(RAND() * 41) - 30 DAY), FLOOR(RAND() * 3) + 1, FLOOR(RAND() * 2) + 1),
(FLOOR(RAND() * 10) + 1, DATE_ADD(CURDATE(), INTERVAL FLOOR(RAND() * 41) - 30 DAY), FLOOR(RAND() * 3) + 1, FLOOR(RAND() * 2) + 1),
(FLOOR(RAND() * 10) + 1, DATE_ADD(CURDATE(), INTERVAL FLOOR(RAND() * 41) - 30 DAY), FLOOR(RAND() * 3) + 1, FLOOR(RAND() * 2) + 1),
(FLOOR(RAND() * 10) + 1, DATE_ADD(CURDATE(), INTERVAL FLOOR(RAND() * 41) - 30 DAY), FLOOR(RAND() * 3) + 1, FLOOR(RAND() * 2) + 1),
(FLOOR(RAND() * 10) + 1, DATE_ADD(CURDATE(), INTERVAL FLOOR(RAND() * 41) - 30 DAY), FLOOR(RAND() * 3) + 1, FLOOR(RAND() * 2) + 1),
(FLOOR(RAND() * 10) + 1, DATE_ADD(CURDATE(), INTERVAL FLOOR(RAND() * 41) - 30 DAY), FLOOR(RAND() * 3) + 1, FLOOR(RAND() * 2) + 1),
(FLOOR(RAND() * 10) + 1, DATE_ADD(CURDATE(), INTERVAL FLOOR(RAND() * 41) - 30 DAY), FLOOR(RAND() * 3) + 1, FLOOR(RAND() * 2) + 1),
(FLOOR(RAND() * 10) + 1, DATE_ADD(CURDATE(), INTERVAL FLOOR(RAND() * 41) - 30 DAY), FLOOR(RAND() * 3) + 1, FLOOR(RAND() * 2) + 1),
(FLOOR(RAND() * 10) + 1, DATE_ADD(CURDATE(), INTERVAL FLOOR(RAND() * 41) - 30 DAY), FLOOR(RAND() * 3) + 1, FLOOR(RAND() * 2) + 1),
(FLOOR(RAND() * 10) + 1, DATE_ADD(CURDATE(), INTERVAL FLOOR(RAND() * 41) - 30 DAY), FLOOR(RAND() * 3) + 1, FLOOR(RAND() * 2) + 1),
(FLOOR(RAND() * 10) + 1, DATE_ADD(CURDATE(), INTERVAL FLOOR(RAND() * 41) - 30 DAY), FLOOR(RAND() * 3) + 1, FLOOR(RAND() * 2) + 1),
(FLOOR(RAND() * 10) + 1, DATE_ADD(CURDATE(), INTERVAL FLOOR(RAND() * 41) - 30 DAY), FLOOR(RAND() * 3) + 1, FLOOR(RAND() * 2) + 1),
(FLOOR(RAND() * 10) + 1, DATE_ADD(CURDATE(), INTERVAL FLOOR(RAND() * 41) - 30 DAY), FLOOR(RAND() * 3) + 1, FLOOR(RAND() * 2) + 1),
(FLOOR(RAND() * 10) + 1, DATE_ADD(CURDATE(), INTERVAL FLOOR(RAND() * 41) - 30 DAY), FLOOR(RAND() * 3) + 1, FLOOR(RAND() * 2) + 1),
(FLOOR(RAND() * 10) + 1, DATE_ADD(CURDATE(), INTERVAL FLOOR(RAND() * 41) - 30 DAY), FLOOR(RAND() * 3) + 1, FLOOR(RAND() * 2) + 1),
(FLOOR(RAND() * 10) + 1, DATE_ADD(CURDATE(), INTERVAL FLOOR(RAND() * 41) - 30 DAY), FLOOR(RAND() * 3) + 1, FLOOR(RAND() * 2) + 1),
(FLOOR(RAND() * 10) + 1, DATE_ADD(CURDATE(), INTERVAL FLOOR(RAND() * 41) - 30 DAY), FLOOR(RAND() * 3) + 1, FLOOR(RAND() * 2) + 1),
(FLOOR(RAND() * 10) + 1, DATE_ADD(CURDATE(), INTERVAL FLOOR(RAND() * 41) - 30 DAY), FLOOR(RAND() * 3) + 1, FLOOR(RAND() * 2) + 1),
(FLOOR(RAND() * 10) + 1, DATE_ADD(CURDATE(), INTERVAL FLOOR(RAND() * 41) - 30 DAY), FLOOR(RAND() * 3) + 1, FLOOR(RAND() * 2) + 1),
(FLOOR(RAND() * 10) + 1, DATE_ADD(CURDATE(), INTERVAL FLOOR(RAND() * 41) - 30 DAY), FLOOR(RAND() * 3) + 1, FLOOR(RAND() * 2) + 1),
(FLOOR(RAND() * 10) + 1, DATE_ADD(CURDATE(), INTERVAL FLOOR(RAND() * 41) - 30 DAY), FLOOR(RAND() * 3) + 1, FLOOR(RAND() * 2) + 1),
(FLOOR(RAND() * 10) + 1, DATE_ADD(CURDATE(), INTERVAL FLOOR(RAND() * 41) - 30 DAY), FLOOR(RAND() * 3) + 1, FLOOR(RAND() * 2) + 1),
(FLOOR(RAND() * 10) + 1, DATE_ADD(CURDATE(), INTERVAL FLOOR(RAND() * 41) - 30 DAY), FLOOR(RAND() * 3) + 1, FLOOR(RAND() * 2) + 1),
(FLOOR(RAND() * 10) + 1, DATE_ADD(CURDATE(), INTERVAL FLOOR(RAND() * 41) - 30 DAY), FLOOR(RAND() * 3) + 1, FLOOR(RAND() * 2) + 1),
(FLOOR(RAND() * 10) + 1, DATE_ADD(CURDATE(), INTERVAL FLOOR(RAND() * 41) - 30 DAY), FLOOR(RAND() * 3) + 1, FLOOR(RAND() * 2) + 1),
(FLOOR(RAND() * 10) + 1, DATE_ADD(CURDATE(), INTERVAL FLOOR(RAND() * 41) - 30 DAY), FLOOR(RAND() * 3) + 1, FLOOR(RAND() * 2) + 1),
(FLOOR(RAND() * 10) + 1, DATE_ADD(CURDATE(), INTERVAL FLOOR(RAND() * 41) - 30 DAY), FLOOR(RAND() * 3) + 1, FLOOR(RAND() * 2) + 1),
(FLOOR(RAND() * 10) + 1, DATE_ADD(CURDATE(), INTERVAL FLOOR(RAND() * 41) - 30 DAY), FLOOR(RAND() * 3) + 1, FLOOR(RAND() * 2) + 1),
(FLOOR(RAND() * 10) + 1, DATE_ADD(CURDATE(), INTERVAL FLOOR(RAND() * 41) - 30 DAY), FLOOR(RAND() * 3) + 1, FLOOR(RAND() * 2) + 1);


INSERT INTO `compraProduto` (`idCompra`, `idProduto`, `valor`, `quantidade`, `tipoQuantidadeId`) VALUES
(FLOOR(RAND() *32) + 1, FLOOR(RAND() *32) + 1, ROUND(RAND() * 200 + 10, 2), FLOOR(RAND() * 10) + 1, 1), -- Quantidade inteira
(FLOOR(RAND() *32) + 1, FLOOR(RAND() *32) + 1, ROUND(RAND() * 150 + 5, 2), ROUND(RAND() * 5 + 0.1, 2), 2), -- Quantidade float
(FLOOR(RAND() *32) + 1, FLOOR(RAND() *32) + 1, ROUND(RAND() * 180 + 8, 2), FLOOR(RAND() * 8) + 1, 1),
(FLOOR(RAND() *32) + 1, FLOOR(RAND() *32) + 1, ROUND(RAND() * 100 + 3, 2), ROUND(RAND() * 3 + 0.1, 2), 2),
(FLOOR(RAND() *32) + 1, FLOOR(RAND() *32) + 1, ROUND(RAND() * 250 + 15, 2), FLOOR(RAND() * 15) + 1, 1),
(FLOOR(RAND() *32) + 1, FLOOR(RAND() *32) + 1, ROUND(RAND() * 120 + 4, 2), ROUND(RAND() * 6 + 0.1, 2), 2),
(FLOOR(RAND() *32) + 1, FLOOR(RAND() *32) + 1, ROUND(RAND() * 90 + 5, 2), FLOOR(RAND() * 5) + 1, 1),
(FLOOR(RAND() *32) + 1, FLOOR(RAND() *32) + 1, ROUND(RAND() * 60 + 2, 2), ROUND(RAND() * 2 + 0.1, 2), 2),
(FLOOR(RAND() *32) + 1, FLOOR(RAND() *32) + 1, ROUND(RAND() * 220 + 12, 2), FLOOR(RAND() * 12) + 1, 1),
(FLOOR(RAND() *32) + 1, FLOOR(RAND() *32) + 1, ROUND(RAND() * 180 + 6, 2), ROUND(RAND() * 4 + 0.1, 2), 2),
(FLOOR(RAND() *32) + 1, FLOOR(RAND() *32) + 1, ROUND(RAND() * 110 + 7, 2), FLOOR(RAND() * 7) + 1, 1),
(FLOOR(RAND() *32) + 1, FLOOR(RAND() *32) + 1, ROUND(RAND() * 75 + 3, 2), ROUND(RAND() * 1.5 + 0.1, 2), 2),
(FLOOR(RAND() *32) + 1, FLOOR(RAND() *32) + 1, ROUND(RAND() * 300 + 20, 2), FLOOR(RAND() * 20) + 1, 1),
(FLOOR(RAND() *32) + 1, FLOOR(RAND() *32) + 1, ROUND(RAND() * 140 + 5, 2), ROUND(RAND() * 8 + 0.1, 2), 2),
(FLOOR(RAND() *32) + 1, FLOOR(RAND() *32) + 1, ROUND(RAND() * 100 + 4, 2), FLOOR(RAND() * 6) + 1, 1),
(FLOOR(RAND() *32) + 1, FLOOR(RAND() *32) + 1, ROUND(RAND() * 85 + 3, 2), ROUND(RAND() * 3.5 + 0.1, 2), 2),
(FLOOR(RAND() *32) + 1, FLOOR(RAND() *32) + 1, ROUND(RAND() * 210 + 10, 2), FLOOR(RAND() * 10) + 1, 1),
(FLOOR(RAND() *32) + 1, FLOOR(RAND() *32) + 1, ROUND(RAND() * 160 + 5, 2), ROUND(RAND() * 5 + 0.1, 2), 2),
(FLOOR(RAND() *32) + 1, FLOOR(RAND() *32) + 1, ROUND(RAND() * 190 + 8, 2), FLOOR(RAND() * 8) + 1, 1),
(FLOOR(RAND() *32) + 1, FLOOR(RAND() *32) + 1, ROUND(RAND() * 110 + 3, 2), ROUND(RAND() * 3 + 0.1, 2), 2),
(FLOOR(RAND() *32) + 1, FLOOR(RAND() *32) + 1, ROUND(RAND() * 260 + 15, 2), FLOOR(RAND() * 15) + 1, 1),
(FLOOR(RAND() *32) + 1, FLOOR(RAND() *32) + 1, ROUND(RAND() * 130 + 4, 2), ROUND(RAND() * 6 + 0.1, 2), 2),
(FLOOR(RAND() *32) + 1, FLOOR(RAND() *32) + 1, ROUND(RAND() * 95 + 5, 2), FLOOR(RAND() * 5) + 1, 1),
(FLOOR(RAND() *32) + 1, FLOOR(RAND() *32) + 1, ROUND(RAND() * 65 + 2, 2), ROUND(RAND() * 2 + 0.1, 2), 2),
(FLOOR(RAND() *32) + 1, FLOOR(RAND() *32) + 1, ROUND(RAND() * 230 + 12, 2), FLOOR(RAND() * 12) + 1, 1),
(FLOOR(RAND() *32) + 1, FLOOR(RAND() *32) + 1, ROUND(RAND() * 190 + 6, 2), ROUND(RAND() * 4 + 0.1, 2), 2),
(FLOOR(RAND() *32) + 1, FLOOR(RAND() *32) + 1, ROUND(RAND() * 120 + 7, 2), FLOOR(RAND() * 7) + 1, 1),
(FLOOR(RAND() *32) + 1, FLOOR(RAND() *32) + 1, ROUND(RAND() * 80 + 3, 2), ROUND(RAND() * 1.5 + 0.1, 2), 2),
(FLOOR(RAND() *32) + 1, FLOOR(RAND() *32) + 1, ROUND(RAND() * 310 + 20, 2), FLOOR(RAND() * 20) + 1, 1),
(FLOOR(RAND() *32) + 1, FLOOR(RAND() *32) + 1, ROUND(RAND() * 150 + 5, 2), ROUND(RAND() * 8 + 0.1, 2), 2),
(FLOOR(RAND() *32) + 1, FLOOR(RAND() *32) + 1, ROUND(RAND() * 105 + 4, 2), FLOOR(RAND() * 6) + 1, 1),
(FLOOR(RAND() *32) + 1, FLOOR(RAND() *32) + 1, ROUND(RAND() * 90 + 3, 2), ROUND(RAND() * 3.5 + 0.1, 2), 2),
(FLOOR(RAND() *32) + 1, FLOOR(RAND() *32) + 1, ROUND(RAND() * 220 + 10, 2), FLOOR(RAND() * 10) + 1, 1),
(FLOOR(RAND() *32) + 1, FLOOR(RAND() *32) + 1, ROUND(RAND() * 170 + 5, 2), ROUND(RAND() * 5 + 0.1, 2), 2),
(FLOOR(RAND() *32) + 1, FLOOR(RAND() *32) + 1, ROUND(RAND() * 200 + 8, 2), FLOOR(RAND() * 8) + 1, 1),
(FLOOR(RAND() *32) + 1, FLOOR(RAND() *32) + 1, ROUND(RAND() * 120 + 3, 2), ROUND(RAND() * 3 + 0.1, 2), 2),
(FLOOR(RAND() *32) + 1, FLOOR(RAND() *32) + 1, ROUND(RAND() * 270 + 15, 2), FLOOR(RAND() * 15) + 1, 1),
(FLOOR(RAND() *32) + 1, FLOOR(RAND() *32) + 1, ROUND(RAND() * 140 + 4, 2), ROUND(RAND() * 6 + 0.1, 2), 2),
(FLOOR(RAND() *32) + 1, FLOOR(RAND() *32) + 1, ROUND(RAND() * 100 + 5, 2), FLOOR(RAND() * 5) + 1, 1),
(FLOOR(RAND() *32) + 1, FLOOR(RAND() *32) + 1, ROUND(RAND() * 70 + 2, 2), ROUND(RAND() * 2 + 0.1, 2), 2),
(FLOOR(RAND() *32) + 1, FLOOR(RAND() *32) + 1, ROUND(RAND() * 240 + 12, 2), FLOOR(RAND() * 12) + 1, 1),
(FLOOR(RAND() *32) + 1, FLOOR(RAND() *32) + 1, ROUND(RAND() * 200 + 6, 2), ROUND(RAND() * 4 + 0.1, 2), 2),
(FLOOR(RAND() *32) + 1, FLOOR(RAND() *32) + 1, ROUND(RAND() * 130 + 7, 2), FLOOR(RAND() * 7) + 1, 1),
(FLOOR(RAND() *32) + 1, FLOOR(RAND() *32) + 1, ROUND(RAND() * 85 + 3, 2), ROUND(RAND() * 1.5 + 0.1, 2), 2),
(FLOOR(RAND() *32) + 1, FLOOR(RAND() *32) + 1, ROUND(RAND() * 320 + 20, 2), FLOOR(RAND() * 20) + 1, 1),
(FLOOR(RAND() *32) + 1, FLOOR(RAND() *32) + 1, ROUND(RAND() * 160 + 5, 2), ROUND(RAND() * 8 + 0.1, 2), 2),
(FLOOR(RAND() *32) + 1, FLOOR(RAND() *32) + 1, ROUND(RAND() * 110 + 4, 2), FLOOR(RAND() * 6) + 1, 1),
(FLOOR(RAND() *32) + 1, FLOOR(RAND() *32) + 1, ROUND(RAND() * 95 + 3, 2), ROUND(RAND() * 3.5 + 0.1, 2), 2),
(FLOOR(RAND() *32) + 1, FLOOR(RAND() *32) + 1, ROUND(RAND() * 230 + 10, 2), FLOOR(RAND() * 10) + 1, 1),
(FLOOR(RAND() *32) + 1, FLOOR(RAND() *32) + 1, ROUND(RAND() * 180 + 5, 2), ROUND(RAND() * 5 + 0.1, 2), 2),
(FLOOR(RAND() *32) + 1, FLOOR(RAND() *32) + 1, ROUND(RAND() * 210 + 8, 2), FLOOR(RAND() * 8) + 1, 1),
(FLOOR(RAND() *32) + 1, FLOOR(RAND() *32) + 1, ROUND(RAND() * 130 + 3, 2), ROUND(RAND() * 3 + 0.1, 2), 2),
(FLOOR(RAND() *32) + 1, FLOOR(RAND() *32) + 1, ROUND(RAND() * 280 + 15, 2), FLOOR(RAND() * 15) + 1, 1),
(FLOOR(RAND() *32) + 1, FLOOR(RAND() *32) + 1, ROUND(RAND() * 150 + 4, 2), ROUND(RAND() * 6 + 0.1, 2), 2),
(FLOOR(RAND() *32) + 1, FLOOR(RAND() *32) + 1, ROUND(RAND() * 105 + 5, 2), FLOOR(RAND() * 5) + 1, 1),
(FLOOR(RAND() *32) + 1, FLOOR(RAND() *32) + 1, ROUND(RAND() * 75 + 2, 2), ROUND(RAND() * 2 + 0.1, 2), 2),
(FLOOR(RAND() *32) + 1, FLOOR(RAND() *32) + 1, ROUND(RAND() * 250 + 12, 2), FLOOR(RAND() * 12) + 1, 1),
(FLOOR(RAND() *32) + 1, FLOOR(RAND() *32) + 1, ROUND(RAND() * 210 + 6, 2), ROUND(RAND() * 4 + 0.1, 2), 2),
(FLOOR(RAND() *32) + 1, FLOOR(RAND() *32) + 1, ROUND(RAND() * 140 + 7, 2), FLOOR(RAND() * 7) + 1, 1),
(FLOOR(RAND() *32) + 1, FLOOR(RAND() *32) + 1, ROUND(RAND() * 90 + 3, 2), ROUND(RAND() * 1.5 + 0.1, 2), 2),
(FLOOR(RAND() *32) + 1, FLOOR(RAND() *32) + 1, ROUND(RAND() * 330 + 20, 2), FLOOR(RAND() * 20) + 1, 1),
(FLOOR(RAND() *32) + 1, FLOOR(RAND() *32) + 1, ROUND(RAND() * 170 + 5, 2), ROUND(RAND() * 8 + 0.1, 2), 2),
(FLOOR(RAND() *32) + 1, FLOOR(RAND() *32) + 1, ROUND(RAND() * 115 + 4, 2), FLOOR(RAND() * 6) + 1, 1),
(FLOOR(RAND() *32) + 1, FLOOR(RAND() *32) + 1, ROUND(RAND() * 100 + 3, 2), ROUND(RAND() * 3.5 + 0.1, 2), 2),
(FLOOR(RAND() *32) + 1, FLOOR(RAND() *32) + 1, ROUND(RAND() * 240 + 10, 2), FLOOR(RAND() * 10) + 1, 1),
(FLOOR(RAND() *32) + 1, FLOOR(RAND() *32) + 1, ROUND(RAND() * 190 + 5, 2), ROUND(RAND() * 5 + 0.1, 2), 2),
(FLOOR(RAND() *32) + 1, FLOOR(RAND() *32) + 1, ROUND(RAND() * 220 + 8, 2), FLOOR(RAND() * 8) + 1, 1),
(FLOOR(RAND() *32) + 1, FLOOR(RAND() *32) + 1, ROUND(RAND() * 140 + 3, 2), ROUND(RAND() * 3 + 0.1, 2), 2),
(FLOOR(RAND() *32) + 1, FLOOR(RAND() *32) + 1, ROUND(RAND() * 290 + 15, 2), FLOOR(RAND() * 15) + 1, 1),
(FLOOR(RAND() *32) + 1, FLOOR(RAND() *32) + 1, ROUND(RAND() * 160 + 4, 2), ROUND(RAND() * 6 + 0.1, 2), 2),
(FLOOR(RAND() *32) + 1, FLOOR(RAND() *32) + 1, ROUND(RAND() * 110 + 5, 2), FLOOR(RAND() * 5) + 1, 1),
(FLOOR(RAND() *32) + 1, FLOOR(RAND() *32) + 1, ROUND(RAND() * 80 + 2, 2), ROUND(RAND() * 2 + 0.1, 2), 2),
(FLOOR(RAND() *32) + 1, FLOOR(RAND() *32) + 1, ROUND(RAND() * 260 + 12, 2), FLOOR(RAND() * 12) + 1, 1),
(FLOOR(RAND() *32) + 1, FLOOR(RAND() *32) + 1, ROUND(RAND() * 220 + 6, 2), ROUND(RAND() * 4 + 0.1, 2), 2),
(FLOOR(RAND() *32) + 1, FLOOR(RAND() *32) + 1, ROUND(RAND() * 150 + 7, 2), FLOOR(RAND() * 7) + 1, 1),
(FLOOR(RAND() *32) + 1, FLOOR(RAND() *32) + 1, ROUND(RAND() * 95 + 3, 2), ROUND(RAND() * 1.5 + 0.1, 2), 2),
(FLOOR(RAND() *32) + 1, FLOOR(RAND() *32) + 1, ROUND(RAND() * 340 + 20, 2), FLOOR(RAND() * 20) + 1, 1),
(FLOOR(RAND() *32) + 1, FLOOR(RAND() *32) + 1, ROUND(RAND() * 180 + 5, 2), ROUND(RAND() * 8 + 0.1, 2), 2),
(FLOOR(RAND() *32) + 1, FLOOR(RAND() *32) + 1, ROUND(RAND() * 120 + 4, 2), FLOOR(RAND() * 6) + 1, 1),
(FLOOR(RAND() *32) + 1, FLOOR(RAND() *32) + 1, ROUND(RAND() * 105 + 3, 2), ROUND(RAND() * 3.5 + 0.1, 2), 2),
(FLOOR(RAND() *32) + 1, FLOOR(RAND() *32) + 1, ROUND(RAND() * 250 + 10, 2), FLOOR(RAND() * 10) + 1, 1),
(FLOOR(RAND() *32) + 1, FLOOR(RAND() *32) + 1, ROUND(RAND() * 200 + 5, 2), ROUND(RAND() * 5 + 0.1, 2), 2),
(FLOOR(RAND() *32) + 1, FLOOR(RAND() *32) + 1, ROUND(RAND() * 230 + 8, 2), FLOOR(RAND() * 8) + 1, 1),
(FLOOR(RAND() *32) + 1, FLOOR(RAND() *32) + 1, ROUND(RAND() * 150 + 3, 2), ROUND(RAND() * 3 + 0.1, 2), 2),
(FLOOR(RAND() *32) + 1, FLOOR(RAND() *32) + 1, ROUND(RAND() * 300 + 15, 2), FLOOR(RAND() * 15) + 1, 1),
(FLOOR(RAND() *32) + 1, FLOOR(RAND() *32) + 1, ROUND(RAND() * 170 + 4, 2), ROUND(RAND() * 6 + 0.1, 2), 2),
(FLOOR(RAND() *32) + 1, FLOOR(RAND() *32) + 1, ROUND(RAND() * 115 + 5, 2), FLOOR(RAND() * 5) + 1, 1),
(FLOOR(RAND() *32) + 1, FLOOR(RAND() *32) + 1, ROUND(RAND() * 85 + 2, 2), ROUND(RAND() * 2 + 0.1, 2), 2),
(FLOOR(RAND() *32) + 1, FLOOR(RAND() *32) + 1, ROUND(RAND() * 270 + 12, 2), FLOOR(RAND() * 12) + 1, 1),
(FLOOR(RAND() *32) + 1, FLOOR(RAND() *32) + 1, ROUND(RAND() * 230 + 6, 2), ROUND(RAND() * 4 + 0.1, 2), 2),
(FLOOR(RAND() *32) + 1, FLOOR(RAND() *32) + 1, ROUND(RAND() * 160 + 7, 2), FLOOR(RAND() * 7) + 1, 1),
(FLOOR(RAND() *32) + 1, FLOOR(RAND() *32) + 1, ROUND(RAND() * 100 + 3, 2), ROUND(RAND() * 1.5 + 0.1, 2), 2),
(FLOOR(RAND() *32) + 1, FLOOR(RAND() *32) + 1, ROUND(RAND() * 350 + 20, 2), FLOOR(RAND() * 20) + 1, 1),
(FLOOR(RAND() *32) + 1, FLOOR(RAND() *32) + 1, ROUND(RAND() * 190 + 5, 2), ROUND(RAND() * 8 + 0.1, 2), 2),
(FLOOR(RAND() *32) + 1, FLOOR(RAND() *32) + 1, ROUND(RAND() * 125 + 4, 2), FLOOR(RAND() * 6) + 1, 1),
(FLOOR(RAND() *32) + 1, FLOOR(RAND() *32) + 1, ROUND(RAND() * 110 + 3, 2), ROUND(RAND() * 3.5 + 0.1, 2), 2),
(FLOOR(RAND() *32) + 1, FLOOR(RAND() *32) + 1, ROUND(RAND() * 260 + 10, 2), FLOOR(RAND() * 10) + 1, 1),
(FLOOR(RAND() *32) + 1, FLOOR(RAND() *32) + 1, ROUND(RAND() * 210 + 5, 2), ROUND(RAND() * 5 + 0.1, 2), 2),
(FLOOR(RAND() *32) + 1, FLOOR(RAND() *32) + 1, ROUND(RAND() * 240 + 8, 2), FLOOR(RAND() * 8) + 1, 1),
(FLOOR(RAND() *32) + 1, FLOOR(RAND() *32) + 1, ROUND(RAND() * 160 + 3, 2), ROUND(RAND() * 3 + 0.1, 2), 2),
(FLOOR(RAND() *32) + 1, FLOOR(RAND() *32) + 1, ROUND(RAND() * 310 + 15, 2), FLOOR(RAND() * 15) + 1, 1),
(FLOOR(RAND() *32) + 1, FLOOR(RAND() *32) + 1, ROUND(RAND() * 180 + 4, 2), ROUND(RAND() * 6 + 0.1, 2), 2);